ID,StartDate,discrimination,internalized-homophobia,tests-six-months,never-heard-of-prep,self-esteem,,,,,,,,,,,,,,,,
988,17-Apr-2018 20:00:53,3.67,5,0,1,23,,,,,,,,,,,,,,,,
203,21-Apr-2018 01:33:55,2.22,4.67,0,1,33,,,,,,,,,,,,,,,,
767,21-Apr-2018 05:26:14,1.89,4.56,0,1,33,,,,,,,,,,,,,,,,
207,21-Apr-2018 19:19:36,1,4.44,0,1,32,,,,,,,,,,,,,,,,
252,18-Apr-2018 09:37:26,4.89,4.44,0,1,24,,,,,,,,,,,,,,,,
256,18-Apr-2018 23:05:44,2.22,4.44,0,0,27,,,,,,,,,,,,,,,,
173,21-Apr-2018 07:16:45,1,4.33,1,1,31,,,,,,,,,,,,,,,,
201,21-Apr-2018 06:37:27,2.67,4.33,0,1,31,,,,,,,,,,,,,,,,
206,21-Apr-2018 18:03:57,1,4.33,1,1,32,,,,,,,,,,,,,,,,
209,21-Apr-2018 01:26:07,1.89,4.33,1,1,33,,,,,,,,,,,,,,,,
805,21-Apr-2018 12:45:19,3.89,4.33,0,1,24,,,,,,,,,,,,,,,,
929,21-Apr-2018 19:27:13,1.56,4.33,0,1,31,,,,,,,,,,,,,,,,
1007,20-Apr-2018 23:39:15,1,4.33,0,1,29,,,,,,,,,,,,,,,,
249,21-Apr-2018 06:25:56,2.11,4.22,1,1,32,,,,,,,,,,,,,,,,
800,18-Apr-2018 14:00:45,4.22,4.22,1,1,26,,,,,,,,,,,,,,,,
11,18-Apr-2018 08:30:41,2.89,4.11,1,1,24,,,,,,,,,,,,,,,,
64,20-Apr-2018 11:39:06,3.22,4.11,0,0,26,,,,,,,,,,,,,,,,
147,21-Apr-2018 12:32:38,3.22,4.11,0,0,26,,,,,,,,,,,,,,,,
253,17-Apr-2018 20:41:46,4.44,4.11,0,1,26,,,,,,,,,,,,,,,,
260,17-Apr-2018 18:09:27,3.22,4.11,0,0,26,,,,,,,,,,,,,,,,
304,18-Apr-2018 01:49:37,3.22,4.11,0,0,26,,,,,,,,,,,,,,,,
348,21-Apr-2018 21:00:00,3.22,4.11,0,0,26,,,,,,,,,,,,,,,,
369,18-Apr-2018 08:49:47,3.22,4.11,0,0,26,,,,,,,,,,,,,,,,
371,20-Apr-2018 10:25:11,3.22,4.11,0,0,28,,,,,,,,,,,,,,,,
459,18-Apr-2018 18:58:16,2.89,4.11,0,1,23,,,,,,,,,,,,,,,,
521,19-Apr-2018 02:05:04,3.22,4.11,0,0,26,,,,,,,,,,,,,,,,
732,21-Apr-2018 11:39:27,3.22,4.11,0,0,26,,,,,,,,,,,,,,,,
198,21-Apr-2018 19:12:12,2,4,1,1,20,,,,,,,,,,,,,,,,
212,21-Apr-2018 03:27:49,1.56,4,0,1,34,,,,,,,,,,,,,,,,
379,21-Apr-2018 13:13:22,4.44,4,1,1,24,,,,,,,,,,,,,,,,
455,20-Apr-2018 19:26:53,2.89,4,0,1,25,,,,,,,,,,,,,,,,
515,18-Apr-2018 07:56:59,4.22,4,0,0,25,,,,,,,,,,,,,,,,
653,21-Apr-2018 18:30:08,2.78,4,1,1,31,,,,,,,,,,,,,,,,
859,20-Apr-2018 23:01:37,1,4,1,1,33,,,,,,,,,,,,,,,,
869,21-Apr-2018 08:48:33,4,4,1,1,23,,,,,,,,,,,,,,,,
940,21-Apr-2018 20:23:47,2.56,4,1,1,28,,,,,,,,,,,,,,,,
18,17-Apr-2018 18:50:48,4.44,3.89,0,0,24,,,,,,,,,,,,,,,,
60,18-Apr-2018 21:14:25,4.33,3.89,1,1,25,,,,,,,,,,,,,,,,
161,20-Apr-2018 21:02:38,4,3.89,0,0,27,,,,,,,,,,,,,,,,
196,21-Apr-2018 01:17:23,1.44,3.89,1,1,35,,,,,,,,,,,,,,,,
202,21-Apr-2018 18:12:56,1,3.89,1,1,30,,,,,,,,,,,,,,,,
261,17-Apr-2018 18:36:22,4.22,3.89,0,0,23,,,,,,,,,,,,,,,,
270,21-Apr-2018 13:51:57,1.38,3.89,1,1,17,,,,,,,,,,,,,,,,
329,17-Apr-2018 20:18:16,3.89,3.89,0,0,26,,,,,,,,,,,,,,,,
368,20-Apr-2018 10:34:25,3.56,3.89,0,0,24,,,,,,,,,,,,,,,,
472,18-Apr-2018 09:41:20,3,3.89,1,1,27,,,,,,,,,,,,,,,,
574,21-Apr-2018 12:44:46,4.33,3.89,1,1,26,,,,,,,,,,,,,,,,
697,18-Apr-2018 12:02:07,3.56,3.89,1,1,31,,,,,,,,,,,,,,,,
721,21-Apr-2018 13:13:21,3.56,3.89,0,0,28,,,,,,,,,,,,,,,,
989,17-Apr-2018 21:45:27,2.11,3.89,0,0,31,,,,,,,,,,,,,,,,
16,18-Apr-2018 08:59:42,2.89,3.78,0,1,24,,,,,,,,,,,,,,,,
23,21-Apr-2018 12:59:46,4.67,3.78,1,0,26,,,,,,,,,,,,,,,,
62,18-Apr-2018 04:32:48,4.11,3.78,1,1,24,,,,,,,,,,,,,,,,
68,21-Apr-2018 08:30:06,2.89,3.78,0,1,24,,,,,,,,,,,,,,,,
135,19-Apr-2018 02:37:03,3.56,3.78,0,1,25,,,,,,,,,,,,,,,,
195,18-Apr-2018 10:50:38,4.67,3.78,0,0,22,,,,,,,,,,,,,,,,
205,21-Apr-2018 00:01:18,1.22,3.78,0,1,32,,,,,,,,,,,,,,,,
242,21-Apr-2018 01:47:32,3.89,3.78,1,1,26,,,,,,,,,,,,,,,,
264,20-Apr-2018 20:43:16,3.22,3.78,0,1,27,,,,,,,,,,,,,,,,
267,21-Apr-2018 12:22:21,2.89,3.78,0,1,23,,,,,,,,,,,,,,,,
300,19-Apr-2018 01:49:34,4.11,3.78,0,1,24,,,,,,,,,,,,,,,,
301,20-Apr-2018 11:07:00,2.33,3.78,0,1,23,,,,,,,,,,,,,,,,
320,21-Apr-2018 12:46:48,5.33,3.78,1,1,28,,,,,,,,,,,,,,,,
321,21-Apr-2018 19:30:36,2.89,3.78,0,1,21,,,,,,,,,,,,,,,,
323,21-Apr-2018 20:20:12,5.33,3.78,1,1,25,,,,,,,,,,,,,,,,
324,20-Apr-2018 10:43:01,4.78,3.78,1,1,25,,,,,,,,,,,,,,,,
341,21-Apr-2018 20:08:05,5.33,3.78,1,1,26,,,,,,,,,,,,,,,,
344,18-Apr-2018 08:08:44,2.89,3.78,0,0,24,,,,,,,,,,,,,,,,
345,20-Apr-2018 10:14:45,2.89,3.78,0,1,22,,,,,,,,,,,,,,,,
347,21-Apr-2018 21:36:53,5.33,3.78,1,1,26,,,,,,,,,,,,,,,,
350,21-Apr-2018 10:29:00,2.89,3.78,0,1,25,,,,,,,,,,,,,,,,
357,20-Apr-2018 11:27:18,3.33,3.78,0,1,25,,,,,,,,,,,,,,,,
372,21-Apr-2018 21:47:41,5.33,3.78,1,1,25,,,,,,,,,,,,,,,,
373,17-Apr-2018 19:18:08,3.78,3.78,0,0,26,,,,,,,,,,,,,,,,
378,21-Apr-2018 10:46:53,5.33,3.78,1,1,25,,,,,,,,,,,,,,,,
380,20-Apr-2018 10:50:12,2.33,3.78,0,1,22,,,,,,,,,,,,,,,,
457,21-Apr-2018 11:57:50,5.33,3.78,1,1,25,,,,,,,,,,,,,,,,
558,21-Apr-2018 16:53:18,3.11,3.78,0,0,16,,,,,,,,,,,,,,,,
575,19-Apr-2018 02:45:36,4,3.78,1,1,23,,,,,,,,,,,,,,,,
584,21-Apr-2018 09:46:14,3.22,3.78,0,1,24,,,,,,,,,,,,,,,,
663,21-Apr-2018 12:31:49,4.44,3.78,0,1,27,,,,,,,,,,,,,,,,
748,21-Apr-2018 07:23:19,2.78,3.78,0,1,26,,,,,,,,,,,,,,,,
788,19-Apr-2018 08:45:18,4.11,3.78,1,1,22,,,,,,,,,,,,,,,,
820,19-Apr-2018 09:05:48,4.11,3.78,1,1,24,,,,,,,,,,,,,,,,
857,21-Apr-2018 05:42:22,4.11,3.78,1,1,24,,,,,,,,,,,,,,,,
873,21-Apr-2018 12:59:43,4.11,3.78,1,0,25,,,,,,,,,,,,,,,,
875,21-Apr-2018 18:29:22,2,3.78,1,1,31,,,,,,,,,,,,,,,,
897,20-Apr-2018 06:51:39,3.89,3.78,1,1,28,,,,,,,,,,,,,,,,
964,21-Apr-2018 03:41:47,4.11,3.78,1,1,28,,,,,,,,,,,,,,,,
970,21-Apr-2018 04:04:33,4.56,3.78,1,1,27,,,,,,,,,,,,,,,,
990,17-Apr-2018 20:17:07,2.89,3.78,0,0,28,,,,,,,,,,,,,,,,
997,21-Apr-2018 07:07:26,4,3.78,1,1,25,,,,,,,,,,,,,,,,
1019,21-Apr-2018 18:47:09,4,3.78,1,1,26,,,,,,,,,,,,,,,,
756,21-Apr-2018 09:35:06,1.89,3.75,0,0,27,,,,,,,,,,,,,,,,
232,18-Apr-2018 13:47:46,4.67,3.67,1,1,24,,,,,,,,,,,,,,,,
305,17-Apr-2018 19:40:20,4.67,3.67,0,0,27,,,,,,,,,,,,,,,,
306,21-Apr-2018 09:56:44,5.67,3.67,1,1,28,,,,,,,,,,,,,,,,
366,18-Apr-2018 08:53:55,4.11,3.67,0,0,24,,,,,,,,,,,,,,,,
567,19-Apr-2018 01:29:01,4.22,3.67,1,1,23,,,,,,,,,,,,,,,,
612,21-Apr-2018 10:55:29,3.11,3.67,0,1,27,,,,,,,,,,,,,,,,
630,18-Apr-2018 10:50:36,4.56,3.67,1,1,23,,,,,,,,,,,,,,,,
646,19-Apr-2018 04:28:10,4,3.67,1,1,23,,,,,,,,,,,,,,,,
774,19-Apr-2018 02:24:17,3.89,3.67,1,1,26,,,,,,,,,,,,,,,,
787,19-Apr-2018 07:10:36,4,3.67,1,1,24,,,,,,,,,,,,,,,,
858,21-Apr-2018 07:04:48,4.11,3.67,1,1,21,,,,,,,,,,,,,,,,
941,21-Apr-2018 01:12:20,4.11,3.67,1,1,24,,,,,,,,,,,,,,,,
1008,21-Apr-2018 08:40:48,4.22,3.63,0,1,24,,,,,,,,,,,,,,,,
17,18-Apr-2018 08:50:05,4.56,3.56,1,1,25,,,,,,,,,,,,,,,,
59,20-Apr-2018 19:42:22,,3.56,0,1,25,,,,,,,,,,,,,,,,
65,17-Apr-2018 19:04:22,4.11,3.56,0,0,26,,,,,,,,,,,,,,,,
139,21-Apr-2018 07:34:21,2.67,3.56,1,1,28,,,,,,,,,,,,,,,,
155,18-Apr-2018 10:00:34,4.56,3.56,0,0,27,,,,,,,,,,,,,,,,
158,21-Apr-2018 11:57:09,3.67,3.56,1,1,30,,,,,,,,,,,,,,,,
193,18-Apr-2018 09:47:23,4.11,3.56,1,0,27,,,,,,,,,,,,,,,,
248,21-Apr-2018 05:42:02,4.22,3.56,1,1,23,,,,,,,,,,,,,,,,
259,18-Apr-2018 01:06:35,4.22,3.56,1,1,26,,,,,,,,,,,,,,,,
308,18-Apr-2018 01:10:48,4,3.56,1,1,25,,,,,,,,,,,,,,,,
314,20-Apr-2018 20:59:21,2.11,3.56,1,1,32,,,,,,,,,,,,,,,,
353,21-Apr-2018 16:50:37,2.56,3.56,1,1,31,,,,,,,,,,,,,,,,
359,18-Apr-2018 03:36:13,4.22,3.56,1,1,24,,,,,,,,,,,,,,,,
370,21-Apr-2018 02:36:03,3.67,3.56,1,1,28,,,,,,,,,,,,,,,,
376,18-Apr-2018 09:01:37,3.89,3.56,0,0,25,,,,,,,,,,,,,,,,
478,21-Apr-2018 13:41:34,2.44,3.56,1,1,28,,,,,,,,,,,,,,,,
518,18-Apr-2018 20:26:28,4.11,3.56,0,0,26,,,,,,,,,,,,,,,,
537,20-Apr-2018 13:47:20,3.44,3.56,0,0,26,,,,,,,,,,,,,,,,
589,18-Apr-2018 22:49:49,4.33,3.56,1,1,25,,,,,,,,,,,,,,,,
614,21-Apr-2018 18:42:31,2.33,3.56,0,1,26,,,,,,,,,,,,,,,,
618,21-Apr-2018 16:57:16,2.89,3.56,0,1,26,,,,,,,,,,,,,,,,
635,21-Apr-2018 11:15:40,3.33,3.56,1,1,28,,,,,,,,,,,,,,,,
649,21-Apr-2018 14:11:51,2,3.56,1,1,24,,,,,,,,,,,,,,,,
711,19-Apr-2018 03:15:52,3.89,3.56,1,1,23,,,,,,,,,,,,,,,,
741,19-Apr-2018 21:31:05,3.89,3.56,1,1,23,,,,,,,,,,,,,,,,
744,21-Apr-2018 11:35:52,3,3.56,1,1,21,,,,,,,,,,,,,,,,
753,21-Apr-2018 17:08:06,2.11,3.56,1,1,24,,,,,,,,,,,,,,,,
769,19-Apr-2018 04:05:01,4.22,3.56,1,1,23,,,,,,,,,,,,,,,,
773,19-Apr-2018 01:58:54,4.11,3.56,1,1,23,,,,,,,,,,,,,,,,
785,19-Apr-2018 06:44:22,4.11,3.56,1,1,25,,,,,,,,,,,,,,,,
797,21-Apr-2018 17:45:21,3.38,3.56,0,0,25,,,,,,,,,,,,,,,,
804,20-Apr-2018 09:15:54,4,3.56,0,1,23,,,,,,,,,,,,,,,,
821,19-Apr-2018 18:35:43,4.33,3.56,1,1,21,,,,,,,,,,,,,,,,
827,17-Apr-2018 21:10:23,4.67,3.56,0,0,26,,,,,,,,,,,,,,,,
847,19-Apr-2018 18:34:07,4.11,3.56,0,0,24,,,,,,,,,,,,,,,,
863,21-Apr-2018 07:41:11,4.11,3.56,1,1,26,,,,,,,,,,,,,,,,
866,19-Apr-2018 21:57:26,4.44,3.56,1,0,27,,,,,,,,,,,,,,,,
870,19-Apr-2018 21:21:55,4.22,3.56,1,1,26,,,,,,,,,,,,,,,,
872,19-Apr-2018 22:21:13,4,3.56,1,1,25,,,,,,,,,,,,,,,,
883,20-Apr-2018 02:46:27,4,3.56,1,1,23,,,,,,,,,,,,,,,,
894,20-Apr-2018 04:32:41,4.56,3.56,0,1,25,,,,,,,,,,,,,,,,
895,20-Apr-2018 05:16:15,4,3.56,1,1,25,,,,,,,,,,,,,,,,
909,18-Apr-2018 09:47:19,4.11,3.56,1,1,25,,,,,,,,,,,,,,,,
914,21-Apr-2018 08:42:50,3.89,3.56,1,1,19,,,,,,,,,,,,,,,,
918,20-Apr-2018 09:21:02,3.78,3.56,1,1,24,,,,,,,,,,,,,,,,
935,20-Apr-2018 18:10:54,4.22,3.56,0,1,27,,,,,,,,,,,,,,,,
942,21-Apr-2018 01:39:45,3.78,3.56,1,1,27,,,,,,,,,,,,,,,,
961,21-Apr-2018 19:09:52,4,3.56,1,1,24,,,,,,,,,,,,,,,,
971,21-Apr-2018 04:34:05,4.11,3.56,1,1,21,,,,,,,,,,,,,,,,
974,21-Apr-2018 06:38:00,4,3.56,1,1,24,,,,,,,,,,,,,,,,
982,17-Apr-2018 19:17:59,3,3.56,0,1,27,,,,,,,,,,,,,,,,
999,21-Apr-2018 07:45:15,4.11,3.56,1,1,25,,,,,,,,,,,,,,,,
1002,21-Apr-2018 11:26:11,3.44,3.56,1,1,28,,,,,,,,,,,,,,,,
1013,21-Apr-2018 09:13:57,4.11,3.56,1,1,29,,,,,,,,,,,,,,,,
605,19-Apr-2018 02:36:53,4,3.5,1,1,26,,,,,,,,,,,,,,,,
6,21-Apr-2018 08:58:13,3.22,3.44,0,0,25,,,,,,,,,,,,,,,,
19,18-Apr-2018 20:25:51,4,3.44,1,0,24,,,,,,,,,,,,,,,,
67,18-Apr-2018 22:17:22,4.33,3.44,1,1,25,,,,,,,,,,,,,,,,
69,21-Apr-2018 09:29:20,2.89,3.44,1,1,22,,,,,,,,,,,,,,,,
262,18-Apr-2018 01:08:44,4.22,3.44,1,0,25,,,,,,,,,,,,,,,,
297,21-Apr-2018 14:29:11,2,3.44,1,1,25,,,,,,,,,,,,,,,,
310,21-Apr-2018 19:37:55,5.33,3.44,1,1,25,,,,,,,,,,,,,,,,
319,17-Apr-2018 19:56:00,3.22,3.44,0,0,27,,,,,,,,,,,,,,,,
325,18-Apr-2018 03:07:43,4.11,3.44,1,1,22,,,,,,,,,,,,,,,,
352,18-Apr-2018 06:16:40,4.11,3.44,1,1,21,,,,,,,,,,,,,,,,
375,18-Apr-2018 10:24:59,5.11,3.44,0,0,23,,,,,,,,,,,,,,,,
473,21-Apr-2018 16:28:36,4.67,3.44,0,1,24,,,,,,,,,,,,,,,,
484,21-Apr-2018 14:17:27,1.22,3.44,0,1,24,,,,,,,,,,,,,,,,
517,21-Apr-2018 20:20:41,1.89,3.44,1,1,28,,,,,,,,,,,,,,,,
572,19-Apr-2018 02:12:34,4.22,3.44,1,1,23,,,,,,,,,,,,,,,,
577,21-Apr-2018 12:54:14,4.11,3.44,1,1,24,,,,,,,,,,,,,,,,
583,19-Apr-2018 03:26:48,4.22,3.44,1,1,23,,,,,,,,,,,,,,,,
650,21-Apr-2018 10:44:24,2.67,3.44,0,1,23,,,,,,,,,,,,,,,,
661,19-Apr-2018 02:53:39,3.89,3.44,1,1,24,,,,,,,,,,,,,,,,
662,21-Apr-2018 09:37:38,2.56,3.44,0,1,26,,,,,,,,,,,,,,,,
687,19-Apr-2018 08:45:43,3.89,3.44,1,1,23,,,,,,,,,,,,,,,,
698,21-Apr-2018 18:20:01,2.67,3.44,1,0,29,,,,,,,,,,,,,,,,
702,21-Apr-2018 13:31:36,3.67,3.44,1,1,25,,,,,,,,,,,,,,,,
707,21-Apr-2018 16:42:56,3.22,3.44,1,1,22,,,,,,,,,,,,,,,,
709,21-Apr-2018 01:33:03,2,3.44,1,1,29,,,,,,,,,,,,,,,,
725,21-Apr-2018 13:23:38,3.89,3.44,0,0,25,,,,,,,,,,,,,,,,
760,19-Apr-2018 01:24:33,4.11,3.44,1,1,23,,,,,,,,,,,,,,,,
776,19-Apr-2018 03:20:41,4.11,3.44,0,1,23,,,,,,,,,,,,,,,,
780,18-Apr-2018 14:36:38,3.67,3.44,0,0,25,,,,,,,,,,,,,,,,
795,18-Apr-2018 18:13:27,2.33,3.44,0,1,31,,,,,,,,,,,,,,,,
802,18-Apr-2018 13:47:42,4.67,3.44,0,1,20,,,,,,,,,,,,,,,,
825,19-Apr-2018 20:32:53,4.33,3.44,1,1,30,,,,,,,,,,,,,,,,
850,21-Apr-2018 01:12:57,4.11,3.44,1,1,26,,,,,,,,,,,,,,,,
856,21-Apr-2018 04:23:12,4.22,3.44,1,1,26,,,,,,,,,,,,,,,,
871,19-Apr-2018 21:54:25,4.33,3.44,1,1,24,,,,,,,,,,,,,,,,
874,21-Apr-2018 12:45:15,4.22,3.44,1,0,22,,,,,,,,,,,,,,,,
902,20-Apr-2018 09:24:25,4.44,3.44,1,1,24,,,,,,,,,,,,,,,,
946,21-Apr-2018 03:05:43,4.11,3.44,1,1,27,,,,,,,,,,,,,,,,
955,21-Apr-2018 09:20:36,4.11,3.44,1,1,26,,,,,,,,,,,,,,,,
1017,21-Apr-2018 18:25:30,4,3.44,1,1,24,,,,,,,,,,,,,,,,
21,18-Apr-2018 10:00:37,4,3.33,0,1,25,,,,,,,,,,,,,,,,
22,18-Apr-2018 14:12:16,4.78,3.33,1,0,25,,,,,,,,,,,,,,,,
29,20-Apr-2018 16:20:23,3.44,3.33,0,0,27,,,,,,,,,,,,,,,,
30,20-Apr-2018 18:02:55,3.44,3.33,0,0,23,,,,,,,,,,,,,,,,
31,20-Apr-2018 14:08:01,3.44,3.33,0,0,32,,,,,,,,,,,,,,,,
32,20-Apr-2018 17:06:08,3.44,3.33,0,0,20,,,,,,,,,,,,,,,,
33,20-Apr-2018 16:02:25,3.44,3.33,0,0,30,,,,,,,,,,,,,,,,
34,20-Apr-2018 16:11:14,3.44,3.33,0,0,27,,,,,,,,,,,,,,,,
37,21-Apr-2018 21:11:35,3.11,3.33,0,0,25,,,,,,,,,,,,,,,,
39,21-Apr-2018 21:52:14,2.89,3.33,0,0,26,,,,,,,,,,,,,,,,
41,21-Apr-2018 20:35:27,3.44,3.33,0,0,21,,,,,,,,,,,,,,,,
42,21-Apr-2018 20:46:21,3.44,3.33,0,0,20,,,,,,,,,,,,,,,,
43,21-Apr-2018 20:53:44,3.44,3.33,0,0,22,,,,,,,,,,,,,,,,
44,21-Apr-2018 21:04:23,3.44,3.33,0,0,29,,,,,,,,,,,,,,,,
45,21-Apr-2018 21:13:01,3.44,3.33,0,0,22,,,,,,,,,,,,,,,,
46,20-Apr-2018 14:04:16,3.44,3.33,0,0,26,,,,,,,,,,,,,,,,
47,20-Apr-2018 14:20:51,3.44,3.33,0,0,26,,,,,,,,,,,,,,,,
48,20-Apr-2018 15:16:36,3.44,3.33,0,0,26,,,,,,,,,,,,,,,,
49,21-Apr-2018 06:07:58,3.44,3.33,0,0,26,,,,,,,,,,,,,,,,
50,21-Apr-2018 21:23:08,3.44,3.33,0,0,18,,,,,,,,,,,,,,,,
51,21-Apr-2018 21:33:25,3.44,3.33,0,0,22,,,,,,,,,,,,,,,,
52,21-Apr-2018 21:42:46,3.44,3.33,0,0,20,,,,,,,,,,,,,,,,
53,21-Apr-2018 21:53:04,3.44,3.33,0,0,24,,,,,,,,,,,,,,,,
54,20-Apr-2018 15:23:30,3.44,3.33,0,0,26,,,,,,,,,,,,,,,,
55,20-Apr-2018 15:30:36,3.44,3.33,0,0,26,,,,,,,,,,,,,,,,
56,20-Apr-2018 15:46:50,3.44,3.33,0,0,26,,,,,,,,,,,,,,,,
61,21-Apr-2018 04:41:16,3,3.33,0,0,28,,,,,,,,,,,,,,,,
63,21-Apr-2018 05:41:38,2.78,3.33,0,0,25,,,,,,,,,,,,,,,,
66,18-Apr-2018 21:39:44,4.11,3.33,1,1,23,,,,,,,,,,,,,,,,
90,20-Apr-2018 17:20:15,2.78,3.33,0,0,23,,,,,,,,,,,,,,,,
91,20-Apr-2018 17:39:10,2.89,3.33,0,0,27,,,,,,,,,,,,,,,,
92,20-Apr-2018 18:32:24,2.56,3.33,0,0,20,,,,,,,,,,,,,,,,
96,21-Apr-2018 20:36:53,3.44,3.33,0,0,26,,,,,,,,,,,,,,,,
97,21-Apr-2018 21:05:14,3.44,3.33,0,0,26,,,,,,,,,,,,,,,,
98,20-Apr-2018 16:14:57,3.44,3.33,0,0,26,,,,,,,,,,,,,,,,
99,21-Apr-2018 03:34:44,3.44,3.33,0,0,26,,,,,,,,,,,,,,,,
100,21-Apr-2018 05:57:11,3.44,3.33,0,0,28,,,,,,,,,,,,,,,,
101,21-Apr-2018 21:58:18,3.44,3.33,0,0,26,,,,,,,,,,,,,,,,
102,20-Apr-2018 17:11:02,3.44,3.33,0,0,26,,,,,,,,,,,,,,,,
103,21-Apr-2018 04:44:32,3.44,3.33,0,0,26,,,,,,,,,,,,,,,,
105,20-Apr-2018 16:48:35,3.44,3.33,0,0,26,,,,,,,,,,,,,,,,
106,21-Apr-2018 03:45:22,3.44,3.33,0,0,26,,,,,,,,,,,,,,,,
107,21-Apr-2018 04:33:33,3.11,3.33,0,0,22,,,,,,,,,,,,,,,,
108,21-Apr-2018 05:56:14,2.67,3.33,0,0,20,,,,,,,,,,,,,,,,
109,21-Apr-2018 04:03:25,2.89,3.33,0,0,27,,,,,,,,,,,,,,,,
110,21-Apr-2018 04:41:25,3,3.33,0,0,25,,,,,,,,,,,,,,,,
111,21-Apr-2018 06:03:39,3,3.33,0,0,25,,,,,,,,,,,,,,,,
112,21-Apr-2018 04:21:02,2.78,3.33,0,0,24,,,,,,,,,,,,,,,,
113,21-Apr-2018 05:34:27,2.78,3.33,0,0,22,,,,,,,,,,,,,,,,
114,18-Apr-2018 05:09:52,3.44,3.33,0,0,26,,,,,,,,,,,,,,,,
115,18-Apr-2018 05:34:04,3.44,3.33,0,0,26,,,,,,,,,,,,,,,,
123,18-Apr-2018 03:03:18,3.44,3.33,0,0,26,,,,,,,,,,,,,,,,
124,18-Apr-2018 03:18:32,3.44,3.33,0,0,26,,,,,,,,,,,,,,,,
125,18-Apr-2018 03:45:04,3.44,3.33,0,0,26,,,,,,,,,,,,,,,,
126,18-Apr-2018 04:01:28,3.44,3.33,0,0,26,,,,,,,,,,,,,,,,
127,18-Apr-2018 05:02:42,3.44,3.33,0,0,26,,,,,,,,,,,,,,,,
128,18-Apr-2018 05:16:29,3.44,3.33,0,0,26,,,,,,,,,,,,,,,,
129,18-Apr-2018 05:28:38,3.44,3.33,0,0,26,,,,,,,,,,,,,,,,
130,18-Apr-2018 05:38:47,3.44,3.33,0,0,26,,,,,,,,,,,,,,,,
131,18-Apr-2018 05:57:30,3.44,3.33,0,0,26,,,,,,,,,,,,,,,,
132,18-Apr-2018 06:17:52,3.44,3.33,0,0,26,,,,,,,,,,,,,,,,
133,20-Apr-2018 14:32:14,3.44,3.33,0,0,31,,,,,,,,,,,,,,,,
149,20-Apr-2018 17:38:18,3,3.33,0,0,23,,,,,,,,,,,,,,,,
215,18-Apr-2018 05:21:03,3.44,3.33,0,0,28,,,,,,,,,,,,,,,,
216,20-Apr-2018 14:45:25,3.44,3.33,0,0,26,,,,,,,,,,,,,,,,
217,21-Apr-2018 20:18:11,3.44,3.33,0,0,23,,,,,,,,,,,,,,,,
220,20-Apr-2018 18:47:43,2.89,3.33,0,0,25,,,,,,,,,,,,,,,,
221,21-Apr-2018 02:53:46,2.67,3.33,0,0,28,,,,,,,,,,,,,,,,
227,18-Apr-2018 10:33:45,3.78,3.33,1,1,18,,,,,,,,,,,,,,,,
228,20-Apr-2018 15:15:45,2.78,3.33,0,0,28,,,,,,,,,,,,,,,,
229,21-Apr-2018 04:20:54,3.11,3.33,0,0,20,,,,,,,,,,,,,,,,
247,18-Apr-2018 01:08:38,3.44,3.33,0,0,26,,,,,,,,,,,,,,,,
255,21-Apr-2018 08:06:42,2.44,3.33,0,1,26,,,,,,,,,,,,,,,,
266,20-Apr-2018 22:26:36,3.89,3.33,1,0,22,,,,,,,,,,,,,,,,
272,18-Apr-2018 02:10:23,4.22,3.33,0,1,23,,,,,,,,,,,,,,,,
273,18-Apr-2018 05:48:00,3.44,3.33,0,0,32,,,,,,,,,,,,,,,,
274,18-Apr-2018 03:48:21,3.44,3.33,0,0,27,,,,,,,,,,,,,,,,
275,20-Apr-2018 16:51:54,2.78,3.33,0,0,26,,,,,,,,,,,,,,,,
276,18-Apr-2018 03:32:38,3.44,3.33,0,0,24,,,,,,,,,,,,,,,,
277,20-Apr-2018 17:01:49,2.44,3.33,0,0,26,,,,,,,,,,,,,,,,
278,18-Apr-2018 03:17:49,3.44,3.33,0,0,26,,,,,,,,,,,,,,,,
279,18-Apr-2018 05:09:31,3.44,3.33,0,0,31,,,,,,,,,,,,,,,,
281,20-Apr-2018 16:44:04,3,3.33,0,0,26,,,,,,,,,,,,,,,,
282,18-Apr-2018 05:37:02,3.44,3.33,0,0,30,,,,,,,,,,,,,,,,
283,18-Apr-2018 03:03:30,3.44,3.33,0,0,25,,,,,,,,,,,,,,,,
284,18-Apr-2018 04:02:32,3.44,3.33,0,0,29,,,,,,,,,,,,,,,,
285,18-Apr-2018 05:29:39,3.44,3.33,0,0,25,,,,,,,,,,,,,,,,
286,18-Apr-2018 06:08:00,3.44,3.33,0,0,25,,,,,,,,,,,,,,,,
289,18-Apr-2018 09:32:10,3.11,3.33,1,1,28,,,,,,,,,,,,,,,,
296,21-Apr-2018 11:47:17,3.44,3.33,1,1,26,,,,,,,,,,,,,,,,
322,21-Apr-2018 20:27:39,2.89,3.33,0,0,28,,,,,,,,,,,,,,,,
326,18-Apr-2018 05:29:36,4,3.33,1,0,29,,,,,,,,,,,,,,,,
338,18-Apr-2018 04:58:32,4.22,3.33,1,1,26,,,,,,,,,,,,,,,,
339,21-Apr-2018 05:33:59,2.89,3.33,0,0,19,,,,,,,,,,,,,,,,
356,18-Apr-2018 06:49:03,4.22,3.33,1,1,26,,,,,,,,,,,,,,,,
367,21-Apr-2018 20:39:38,3,3.33,0,0,28,,,,,,,,,,,,,,,,
381,20-Apr-2018 17:15:15,3.44,3.33,0,0,27,,,,,,,,,,,,,,,,
382,21-Apr-2018 03:55:17,3.44,3.33,0,0,26,,,,,,,,,,,,,,,,
383,18-Apr-2018 03:47:58,3.44,3.33,0,0,26,,,,,,,,,,,,,,,,
384,20-Apr-2018 14:48:24,3.44,3.33,0,0,25,,,,,,,,,,,,,,,,
386,21-Apr-2018 03:45:48,3.44,3.33,0,0,30,,,,,,,,,,,,,,,,
387,20-Apr-2018 19:21:26,3.44,3.33,0,0,26,,,,,,,,,,,,,,,,
388,20-Apr-2018 15:32:40,3.44,3.33,0,0,26,,,,,,,,,,,,,,,,
389,21-Apr-2018 05:36:22,3.44,3.33,0,0,26,,,,,,,,,,,,,,,,
390,21-Apr-2018 04:47:46,3.44,3.33,0,0,21,,,,,,,,,,,,,,,,
391,20-Apr-2018 18:32:19,3.44,3.33,0,0,22,,,,,,,,,,,,,,,,
392,20-Apr-2018 17:37:55,3.44,3.33,0,0,24,,,,,,,,,,,,,,,,
393,20-Apr-2018 16:49:07,3.44,3.33,0,0,24,,,,,,,,,,,,,,,,
394,20-Apr-2018 16:38:15,3.44,3.33,0,0,26,,,,,,,,,,,,,,,,
399,21-Apr-2018 03:09:19,3.44,3.33,0,0,30,,,,,,,,,,,,,,,,
400,21-Apr-2018 04:40:49,3.44,3.33,0,0,22,,,,,,,,,,,,,,,,
403,20-Apr-2018 13:46:57,3.44,3.33,0,0,27,,,,,,,,,,,,,,,,
405,20-Apr-2018 16:24:13,3.44,3.33,0,0,26,,,,,,,,,,,,,,,,
407,20-Apr-2018 16:15:41,3.44,3.33,0,0,26,,,,,,,,,,,,,,,,
409,20-Apr-2018 13:47:13,3.44,3.33,0,0,26,,,,,,,,,,,,,,,,
415,20-Apr-2018 14:45:32,3.44,3.33,0,0,26,,,,,,,,,,,,,,,,
417,21-Apr-2018 21:42:41,2.78,3.33,0,0,28,,,,,,,,,,,,,,,,
418,21-Apr-2018 20:23:01,2.78,3.33,0,0,29,,,,,,,,,,,,,,,,
419,21-Apr-2018 20:36:17,3.56,3.33,0,0,30,,,,,,,,,,,,,,,,
420,21-Apr-2018 21:21:32,3.44,3.33,0,0,27,,,,,,,,,,,,,,,,
422,21-Apr-2018 21:34:28,2.89,3.33,0,0,22,,,,,,,,,,,,,,,,
423,21-Apr-2018 12:34:32,1.44,3.33,0,1,33,,,,,,,,,,,,,,,,
424,21-Apr-2018 21:01:27,3.22,3.33,0,0,22,,,,,,,,,,,,,,,,
425,18-Apr-2018 06:00:13,3.44,3.33,0,0,26,,,,,,,,,,,,,,,,
426,18-Apr-2018 05:41:42,3.44,3.33,0,0,26,,,,,,,,,,,,,,,,
427,20-Apr-2018 15:08:12,3.44,3.33,0,0,26,,,,,,,,,,,,,,,,
428,18-Apr-2018 03:33:04,3.44,3.33,0,0,26,,,,,,,,,,,,,,,,
429,18-Apr-2018 05:19:24,3.44,3.33,0,0,26,,,,,,,,,,,,,,,,
430,20-Apr-2018 16:05:43,3.44,3.33,0,0,26,,,,,,,,,,,,,,,,
431,21-Apr-2018 06:01:03,3.44,3.33,0,0,20,,,,,,,,,,,,,,,,
432,18-Apr-2018 04:03:33,3.44,3.33,0,0,26,,,,,,,,,,,,,,,,
433,18-Apr-2018 03:18:05,3.44,3.33,0,0,26,,,,,,,,,,,,,,,,
434,18-Apr-2018 03:03:53,3.44,3.33,0,0,26,,,,,,,,,,,,,,,,
436,18-Apr-2018 06:22:44,3.44,3.33,0,0,28,,,,,,,,,,,,,,,,
438,21-Apr-2018 20:55:51,3.44,3.33,0,0,26,,,,,,,,,,,,,,,,
439,20-Apr-2018 18:43:36,3.44,3.33,0,0,26,,,,,,,,,,,,,,,,
440,20-Apr-2018 16:35:15,3.44,3.33,0,0,26,,,,,,,,,,,,,,,,
441,20-Apr-2018 17:03:11,3.44,3.33,0,0,26,,,,,,,,,,,,,,,,
442,21-Apr-2018 02:52:05,3.44,3.33,0,0,26,,,,,,,,,,,,,,,,
443,20-Apr-2018 16:06:57,3.44,3.33,0,0,26,,,,,,,,,,,,,,,,
444,20-Apr-2018 17:43:48,3.44,3.33,0,0,26,,,,,,,,,,,,,,,,
445,21-Apr-2018 03:53:06,3.44,3.33,0,0,26,,,,,,,,,,,,,,,,
446,21-Apr-2018 04:37:42,3.44,3.33,0,0,26,,,,,,,,,,,,,,,,
447,21-Apr-2018 04:16:59,3.44,3.33,0,0,26,,,,,,,,,,,,,,,,
448,21-Apr-2018 04:06:11,3.44,3.33,0,0,26,,,,,,,,,,,,,,,,
449,20-Apr-2018 18:06:44,3.44,3.33,0,0,26,,,,,,,,,,,,,,,,
451,21-Apr-2018 03:39:58,2.89,3.33,0,0,30,,,,,,,,,,,,,,,,
452,21-Apr-2018 03:19:12,3,3.33,0,0,28,,,,,,,,,,,,,,,,
453,20-Apr-2018 16:35:46,2.89,3.33,0,0,20,,,,,,,,,,,,,,,,
466,18-Apr-2018 05:06:10,2.78,3.33,0,0,23,,,,,,,,,,,,,,,,
467,21-Apr-2018 11:05:45,3.11,3.33,0,1,28,,,,,,,,,,,,,,,,
470,20-Apr-2018 18:02:49,2.56,3.33,0,0,21,,,,,,,,,,,,,,,,
475,21-Apr-2018 16:55:59,4,3.33,0,0,25,,,,,,,,,,,,,,,,
481,21-Apr-2018 03:18:58,2.67,3.33,0,0,27,,,,,,,,,,,,,,,,
486,21-Apr-2018 20:51:09,2.67,3.33,0,0,22,,,,,,,,,,,,,,,,
491,20-Apr-2018 18:46:32,2.89,3.33,0,0,27,,,,,,,,,,,,,,,,
492,20-Apr-2018 19:21:21,2.78,3.33,0,0,29,,,,,,,,,,,,,,,,
494,20-Apr-2018 17:10:26,2.78,3.33,0,0,25,,,,,,,,,,,,,,,,
495,21-Apr-2018 04:50:50,3.44,3.33,0,0,26,,,,,,,,,,,,,,,,
496,21-Apr-2018 06:04:44,3.44,3.33,0,0,26,,,,,,,,,,,,,,,,
497,21-Apr-2018 20:47:08,3.44,3.33,0,0,26,,,,,,,,,,,,,,,,
498,21-Apr-2018 21:17:55,3.44,3.33,0,0,26,,,,,,,,,,,,,,,,
500,20-Apr-2018 15:17:57,3.44,3.33,0,0,26,,,,,,,,,,,,,,,,
501,20-Apr-2018 15:45:18,3.44,3.33,0,0,26,,,,,,,,,,,,,,,,
502,20-Apr-2018 15:28:43,3.44,3.33,0,0,26,,,,,,,,,,,,,,,,
503,20-Apr-2018 17:18:55,3.44,3.33,0,0,26,,,,,,,,,,,,,,,,
504,20-Apr-2018 19:04:23,3.44,3.33,0,0,26,,,,,,,,,,,,,,,,
505,21-Apr-2018 21:25:47,3.44,3.33,0,0,26,,,,,,,,,,,,,,,,
506,20-Apr-2018 16:22:02,3.44,3.33,0,0,26,,,,,,,,,,,,,,,,
507,21-Apr-2018 04:30:44,3.44,3.33,0,0,26,,,,,,,,,,,,,,,,
508,21-Apr-2018 21:51:35,3.44,3.33,0,0,26,,,,,,,,,,,,,,,,
509,21-Apr-2018 03:13:06,3.44,3.33,0,0,26,,,,,,,,,,,,,,,,
510,20-Apr-2018 16:42:42,3.44,3.33,0,0,26,,,,,,,,,,,,,,,,
511,20-Apr-2018 16:54:24,3.44,3.33,0,0,26,,,,,,,,,,,,,,,,
512,21-Apr-2018 20:24:11,3.44,3.33,0,0,26,,,,,,,,,,,,,,,,
513,20-Apr-2018 16:28:17,3.44,3.33,0,0,26,,,,,,,,,,,,,,,,
514,21-Apr-2018 05:37:51,3.44,3.33,0,0,26,,,,,,,,,,,,,,,,
519,20-Apr-2018 15:48:30,3,3.33,0,0,31,,,,,,,,,,,,,,,,
520,20-Apr-2018 17:19:14,2.78,3.33,0,0,24,,,,,,,,,,,,,,,,
523,21-Apr-2018 04:48:14,3,3.33,0,0,28,,,,,,,,,,,,,,,,
525,21-Apr-2018 05:48:06,2.67,3.33,0,0,27,,,,,,,,,,,,,,,,
526,21-Apr-2018 03:50:25,2.78,3.33,0,0,28,,,,,,,,,,,,,,,,
528,20-Apr-2018 14:33:03,3.44,3.33,0,0,26,,,,,,,,,,,,,,,,
529,20-Apr-2018 14:55:17,3.44,3.33,0,0,26,,,,,,,,,,,,,,,,
530,18-Apr-2018 05:27:20,3.44,3.33,0,0,26,,,,,,,,,,,,,,,,
533,20-Apr-2018 14:59:19,3.44,3.33,0,0,26,,,,,,,,,,,,,,,,
535,20-Apr-2018 14:08:35,3.44,3.33,0,0,26,,,,,,,,,,,,,,,,
541,21-Apr-2018 05:43:58,3.44,3.33,0,0,29,,,,,,,,,,,,,,,,
542,21-Apr-2018 04:13:29,3.44,3.33,0,0,24,,,,,,,,,,,,,,,,
543,20-Apr-2018 16:56:01,3.44,3.33,0,0,32,,,,,,,,,,,,,,,,
545,20-Apr-2018 15:06:33,3.44,3.33,0,0,26,,,,,,,,,,,,,,,,
546,20-Apr-2018 15:47:44,3.44,3.33,0,0,26,,,,,,,,,,,,,,,,
548,20-Apr-2018 15:16:05,3.44,3.33,0,0,28,,,,,,,,,,,,,,,,
549,20-Apr-2018 16:26:54,3.44,3.33,0,0,22,,,,,,,,,,,,,,,,
550,21-Apr-2018 03:20:18,3.44,3.33,0,0,28,,,,,,,,,,,,,,,,
551,20-Apr-2018 18:47:09,3.44,3.33,0,0,22,,,,,,,,,,,,,,,,
552,21-Apr-2018 05:50:59,3.44,3.33,0,0,20,,,,,,,,,,,,,,,,
554,20-Apr-2018 15:55:40,3.44,3.33,0,0,26,,,,,,,,,,,,,,,,
555,21-Apr-2018 04:27:22,3.44,3.33,0,0,22,,,,,,,,,,,,,,,,
556,20-Apr-2018 15:55:02,3.44,3.33,0,0,29,,,,,,,,,,,,,,,,
560,21-Apr-2018 20:47:41,3.11,3.33,0,0,22,,,,,,,,,,,,,,,,
561,18-Apr-2018 05:18:41,3.44,3.33,0,0,22,,,,,,,,,,,,,,,,
563,19-Apr-2018 00:41:34,4.22,3.33,1,1,26,,,,,,,,,,,,,,,,
571,18-Apr-2018 06:43:00,4,3.33,1,1,25,,,,,,,,,,,,,,,,
576,20-Apr-2018 15:55:28,2.78,3.33,0,0,25,,,,,,,,,,,,,,,,
579,21-Apr-2018 21:08:35,3.56,3.33,0,0,29,,,,,,,,,,,,,,,,
587,18-Apr-2018 20:25:10,4.33,3.33,1,1,27,,,,,,,,,,,,,,,,
593,20-Apr-2018 13:47:28,3.22,3.33,0,0,25,,,,,,,,,,,,,,,,
594,21-Apr-2018 04:48:03,2.89,3.33,0,0,19,,,,,,,,,,,,,,,,
595,19-Apr-2018 02:01:51,4,3.33,1,1,25,,,,,,,,,,,,,,,,
596,21-Apr-2018 21:20:02,2.89,3.33,0,0,24,,,,,,,,,,,,,,,,
603,20-Apr-2018 18:03:12,3.11,3.33,0,0,20,,,,,,,,,,,,,,,,
604,19-Apr-2018 02:20:22,4.11,3.33,1,1,25,,,,,,,,,,,,,,,,
606,18-Apr-2018 05:29:25,3.44,3.33,0,0,27,,,,,,,,,,,,,,,,
611,21-Apr-2018 19:04:14,2.22,3.33,1,1,21,,,,,,,,,,,,,,,,
616,21-Apr-2018 14:55:39,1,3.33,0,1,20,,,,,,,,,,,,,,,,
626,21-Apr-2018 16:28:35,5.11,3.33,1,0,24,,,,,,,,,,,,,,,,
645,20-Apr-2018 14:07:26,3,3.33,0,0,30,,,,,,,,,,,,,,,,
657,19-Apr-2018 06:47:59,4.22,3.33,1,1,23,,,,,,,,,,,,,,,,
667,21-Apr-2018 03:43:08,2.67,3.33,0,0,19,,,,,,,,,,,,,,,,
669,21-Apr-2018 18:34:26,4.33,3.33,0,0,25,,,,,,,,,,,,,,,,
676,21-Apr-2018 18:21:27,2.56,3.33,0,1,26,,,,,,,,,,,,,,,,
677,20-Apr-2018 22:45:06,3.56,3.33,0,0,23,,,,,,,,,,,,,,,,
683,21-Apr-2018 05:48:35,2.89,3.33,0,0,28,,,,,,,,,,,,,,,,
693,19-Apr-2018 20:44:04,4.11,3.33,1,1,24,,,,,,,,,,,,,,,,
712,18-Apr-2018 05:37:31,3.44,3.33,0,0,30,,,,,,,,,,,,,,,,
762,20-Apr-2018 04:03:43,4.11,3.33,1,1,24,,,,,,,,,,,,,,,,
763,19-Apr-2018 03:36:43,4.22,3.33,1,1,23,,,,,,,,,,,,,,,,
764,20-Apr-2018 14:26:43,3.11,3.33,0,0,31,,,,,,,,,,,,,,,,
765,20-Apr-2018 18:33:59,2.78,3.33,0,0,26,,,,,,,,,,,,,,,,
766,18-Apr-2018 05:44:42,3.44,3.33,0,0,22,,,,,,,,,,,,,,,,
768,20-Apr-2018 05:39:14,4,3.33,1,1,26,,,,,,,,,,,,,,,,
778,19-Apr-2018 04:40:17,4.11,3.33,1,1,28,,,,,,,,,,,,,,,,
779,21-Apr-2018 21:30:08,3,3.33,0,0,26,,,,,,,,,,,,,,,,
781,20-Apr-2018 16:03:02,2.89,3.33,0,0,26,,,,,,,,,,,,,,,,
782,21-Apr-2018 03:51:11,2.44,3.33,0,0,26,,,,,,,,,,,,,,,,
783,20-Apr-2018 14:43:15,3.44,3.33,0,0,31,,,,,,,,,,,,,,,,
786,19-Apr-2018 04:44:04,4.22,3.33,1,1,21,,,,,,,,,,,,,,,,
789,21-Apr-2018 05:57:02,2.89,3.33,0,0,27,,,,,,,,,,,,,,,,
791,20-Apr-2018 08:40:23,3.67,3.33,1,0,22,,,,,,,,,,,,,,,,
792,21-Apr-2018 21:00:42,3.67,3.33,1,0,29,,,,,,,,,,,,,,,,
799,18-Apr-2018 09:01:35,3.89,3.33,0,0,26,,,,,,,,,,,,,,,,
803,18-Apr-2018 06:04:20,2.78,3.33,0,0,31,,,,,,,,,,,,,,,,
808,21-Apr-2018 21:43:34,3.44,3.33,0,0,26,,,,,,,,,,,,,,,,
809,20-Apr-2018 17:37:14,3.44,3.33,0,0,26,,,,,,,,,,,,,,,,
810,20-Apr-2018 15:58:41,3.44,3.33,0,0,26,,,,,,,,,,,,,,,,
811,20-Apr-2018 15:52:26,3.44,3.33,0,0,26,,,,,,,,,,,,,,,,
812,21-Apr-2018 21:35:23,3.44,3.33,0,0,26,,,,,,,,,,,,,,,,
813,21-Apr-2018 05:44:43,3.44,3.33,0,0,26,,,,,,,,,,,,,,,,
822,19-Apr-2018 08:45:42,4,3.33,1,1,24,,,,,,,,,,,,,,,,
823,19-Apr-2018 19:54:00,4.11,3.33,1,1,23,,,,,,,,,,,,,,,,
824,20-Apr-2018 14:54:24,2.78,3.33,0,0,29,,,,,,,,,,,,,,,,
826,20-Apr-2018 16:12:38,3,3.33,0,0,33,,,,,,,,,,,,,,,,
849,20-Apr-2018 15:08:24,2.89,3.33,0,0,30,,,,,,,,,,,,,,,,
851,21-Apr-2018 21:40:40,3,3.33,0,0,26,,,,,,,,,,,,,,,,
852,18-Apr-2018 06:18:07,3.44,3.33,0,0,26,,,,,,,,,,,,,,,,
853,21-Apr-2018 06:04:38,2.78,3.33,0,0,22,,,,,,,,,,,,,,,,
861,19-Apr-2018 21:12:42,4.11,3.33,1,1,25,,,,,,,,,,,,,,,,
867,20-Apr-2018 16:19:08,2.89,3.33,0,0,26,,,,,,,,,,,,,,,,
868,21-Apr-2018 04:04:51,2.78,3.33,0,0,29,,,,,,,,,,,,,,,,
876,21-Apr-2018 18:53:26,2.78,3.33,1,1,24,,,,,,,,,,,,,,,,
877,21-Apr-2018 18:10:38,3.22,3.33,0,1,28,,,,,,,,,,,,,,,,
882,20-Apr-2018 16:28:33,2.78,3.33,0,0,27,,,,,,,,,,,,,,,,
890,20-Apr-2018 15:23:09,2.78,3.33,0,0,26,,,,,,,,,,,,,,,,
893,20-Apr-2018 04:04:42,4.11,3.33,1,1,25,,,,,,,,,,,,,,,,
896,20-Apr-2018 06:07:42,4.11,3.33,1,1,24,,,,,,,,,,,,,,,,
898,20-Apr-2018 08:18:14,4.11,3.33,1,1,26,,,,,,,,,,,,,,,,
905,20-Apr-2018 08:25:03,4.33,3.33,1,1,25,,,,,,,,,,,,,,,,
906,20-Apr-2018 08:54:14,4.11,3.33,1,1,27,,,,,,,,,,,,,,,,
908,21-Apr-2018 19:54:37,4.11,3.33,1,1,27,,,,,,,,,,,,,,,,
910,20-Apr-2018 16:36:18,2.78,3.33,0,0,23,,,,,,,,,,,,,,,,
912,20-Apr-2018 15:32:36,2.78,3.33,0,0,20,,,,,,,,,,,,,,,,
913,21-Apr-2018 21:48:30,3,3.33,0,0,27,,,,,,,,,,,,,,,,
925,20-Apr-2018 17:45:08,4.33,3.33,1,1,25,,,,,,,,,,,,,,,,
926,21-Apr-2018 20:26:31,4,3.33,1,1,27,,,,,,,,,,,,,,,,
931,21-Apr-2018 04:32:09,2.78,3.33,0,0,24,,,,,,,,,,,,,,,,
943,21-Apr-2018 02:16:38,4,3.33,1,1,24,,,,,,,,,,,,,,,,
944,21-Apr-2018 03:06:18,4.22,3.33,0,1,24,,,,,,,,,,,,,,,,
947,21-Apr-2018 03:51:03,4.22,3.33,1,1,24,,,,,,,,,,,,,,,,
948,21-Apr-2018 04:22:47,4.22,3.33,1,1,26,,,,,,,,,,,,,,,,
954,21-Apr-2018 08:53:15,4.11,3.33,0,0,24,,,,,,,,,,,,,,,,
957,21-Apr-2018 17:42:04,4.11,3.33,1,0,26,,,,,,,,,,,,,,,,
958,21-Apr-2018 18:33:26,4,3.33,1,1,24,,,,,,,,,,,,,,,,
962,21-Apr-2018 19:51:09,4.11,3.33,1,1,23,,,,,,,,,,,,,,,,
969,20-Apr-2018 16:57:51,2.89,3.33,0,0,29,,,,,,,,,,,,,,,,
975,18-Apr-2018 01:25:58,3.44,3.33,0,0,26,,,,,,,,,,,,,,,,
976,20-Apr-2018 17:08:45,2.44,3.33,0,0,25,,,,,,,,,,,,,,,,
983,18-Apr-2018 02:59:40,2.44,3.33,0,0,34,,,,,,,,,,,,,,,,
984,18-Apr-2018 03:11:49,3.44,3.33,0,0,28,,,,,,,,,,,,,,,,
985,18-Apr-2018 03:42:37,2.78,3.33,0,0,29,,,,,,,,,,,,,,,,
998,21-Apr-2018 07:24:46,3.89,3.33,1,1,25,,,,,,,,,,,,,,,,
1001,18-Apr-2018 03:21:44,2.56,3.33,0,0,26,,,,,,,,,,,,,,,,
1009,18-Apr-2018 03:52:12,2.78,3.33,0,0,25,,,,,,,,,,,,,,,,
1012,18-Apr-2018 04:12:30,2.89,3.33,0,0,30,,,,,,,,,,,,,,,,
1014,21-Apr-2018 16:48:38,4.11,3.33,1,1,24,,,,,,,,,,,,,,,,
1015,21-Apr-2018 17:31:06,4,3.33,1,1,26,,,,,,,,,,,,,,,,
70,19-Apr-2018 00:40:31,4.22,3.22,1,0,25,,,,,,,,,,,,,,,,
136,19-Apr-2018 01:09:07,4.11,3.22,1,1,25,,,,,,,,,,,,,,,,
148,21-Apr-2018 12:27:26,4.78,3.22,1,1,20,,,,,,,,,,,,,,,,
233,20-Apr-2018 08:38:48,4.11,3.22,1,1,26,,,,,,,,,,,,,,,,
234,20-Apr-2018 08:59:58,4.11,3.22,1,1,24,,,,,,,,,,,,,,,,
241,21-Apr-2018 01:12:12,4.11,3.22,1,1,24,,,,,,,,,,,,,,,,
243,20-Apr-2018 16:48:53,3,3.22,0,0,23,,,,,,,,,,,,,,,,
263,20-Apr-2018 20:32:03,2.89,3.22,0,1,27,,,,,,,,,,,,,,,,
290,18-Apr-2018 02:54:17,4.11,3.22,1,1,24,,,,,,,,,,,,,,,,
293,18-Apr-2018 09:21:06,3.11,3.22,0,1,28,,,,,,,,,,,,,,,,
311,21-Apr-2018 12:12:37,5.33,3.22,1,1,21,,,,,,,,,,,,,,,,
327,21-Apr-2018 20:35:36,5.33,3.22,0,1,25,,,,,,,,,,,,,,,,
330,21-Apr-2018 19:47:47,5.33,3.22,1,1,23,,,,,,,,,,,,,,,,
336,18-Apr-2018 03:57:19,4.11,3.22,1,1,26,,,,,,,,,,,,,,,,
340,21-Apr-2018 19:53:57,4,3.22,1,1,29,,,,,,,,,,,,,,,,
342,21-Apr-2018 20:12:37,4.11,3.22,1,1,23,,,,,,,,,,,,,,,,
346,21-Apr-2018 20:44:10,3.22,3.22,0,0,26,,,,,,,,,,,,,,,,
349,21-Apr-2018 21:23:34,2.89,3.22,0,1,29,,,,,,,,,,,,,,,,
354,20-Apr-2018 11:16:08,2.89,3.22,0,1,22,,,,,,,,,,,,,,,,
358,19-Apr-2018 02:24:08,2.89,3.22,0,1,24,,,,,,,,,,,,,,,,
435,18-Apr-2018 06:13:21,3.44,3.22,0,0,26,,,,,,,,,,,,,,,,
461,21-Apr-2018 09:17:16,3.89,3.22,0,1,24,,,,,,,,,,,,,,,,
516,18-Apr-2018 06:10:16,4,3.22,1,1,23,,,,,,,,,,,,,,,,
557,20-Apr-2018 15:23:18,3.44,3.22,0,0,28,,,,,,,,,,,,,,,,
573,18-Apr-2018 08:50:25,3.78,3.22,0,1,26,,,,,,,,,,,,,,,,
582,19-Apr-2018 01:35:11,3.78,3.22,1,1,26,,,,,,,,,,,,,,,,
588,18-Apr-2018 21:27:35,4.11,3.22,0,1,25,,,,,,,,,,,,,,,,
609,21-Apr-2018 07:13:04,2.33,3.22,1,1,25,,,,,,,,,,,,,,,,
648,21-Apr-2018 17:39:18,3.56,3.22,1,1,28,,,,,,,,,,,,,,,,
655,21-Apr-2018 07:01:09,2.78,3.22,0,1,24,,,,,,,,,,,,,,,,
684,19-Apr-2018 00:40:02,4,3.22,1,1,29,,,,,,,,,,,,,,,,
691,19-Apr-2018 18:36:54,4,3.22,1,1,24,,,,,,,,,,,,,,,,
720,21-Apr-2018 13:23:23,2.67,3.22,1,1,26,,,,,,,,,,,,,,,,
731,20-Apr-2018 22:45:51,1,3.22,1,1,31,,,,,,,,,,,,,,,,
761,20-Apr-2018 02:47:26,4,3.22,1,1,24,,,,,,,,,,,,,,,,
770,20-Apr-2018 06:55:50,4.33,3.22,0,1,26,,,,,,,,,,,,,,,,
775,19-Apr-2018 02:49:42,4.22,3.22,0,1,24,,,,,,,,,,,,,,,,
777,19-Apr-2018 03:51:51,4.22,3.22,1,1,25,,,,,,,,,,,,,,,,
790,19-Apr-2018 06:53:36,4.11,3.22,1,1,25,,,,,,,,,,,,,,,,
801,18-Apr-2018 14:12:10,4.33,3.22,1,1,24,,,,,,,,,,,,,,,,
854,21-Apr-2018 02:17:30,3.89,3.22,1,1,21,,,,,,,,,,,,,,,,
860,19-Apr-2018 20:12:43,4.33,3.22,1,1,25,,,,,,,,,,,,,,,,
862,21-Apr-2018 09:14:29,2.78,3.22,0,1,26,,,,,,,,,,,,,,,,
887,21-Apr-2018 16:55:05,4.11,3.22,1,1,27,,,,,,,,,,,,,,,,
888,21-Apr-2018 18:08:22,4.11,3.22,1,1,29,,,,,,,,,,,,,,,,
899,20-Apr-2018 02:46:00,4.11,3.22,1,1,24,,,,,,,,,,,,,,,,
900,20-Apr-2018 03:36:59,4.33,3.22,1,1,25,,,,,,,,,,,,,,,,
903,20-Apr-2018 05:21:04,4.22,3.22,1,1,25,,,,,,,,,,,,,,,,
916,20-Apr-2018 16:57:18,4,3.22,0,1,24,,,,,,,,,,,,,,,,
934,20-Apr-2018 17:08:50,4,3.22,0,1,21,,,,,,,,,,,,,,,,
936,20-Apr-2018 19:04:09,4,3.22,1,1,25,,,,,,,,,,,,,,,,
937,20-Apr-2018 18:09:47,4.11,3.22,0,1,25,,,,,,,,,,,,,,,,
950,21-Apr-2018 05:41:44,4.11,3.22,1,1,27,,,,,,,,,,,,,,,,
951,21-Apr-2018 06:55:34,4.22,3.22,1,1,23,,,,,,,,,,,,,,,,
956,21-Apr-2018 16:48:10,3.89,3.22,1,1,26,,,,,,,,,,,,,,,,
980,18-Apr-2018 04:36:56,2.22,3.22,0,0,26,,,,,,,,,,,,,,,,
1003,21-Apr-2018 13:54:27,3.89,3.22,0,0,25,,,,,,,,,,,,,,,,
7,20-Apr-2018 19:33:58,2.89,3.11,0,1,25,,,,,,,,,,,,,,,,
88,21-Apr-2018 18:27:01,3.78,3.11,1,1,31,,,,,,,,,,,,,,,,
89,20-Apr-2018 16:17:01,3.22,3.11,0,1,27,,,,,,,,,,,,,,,,
94,20-Apr-2018 06:41:41,1.78,3.11,0,0,27,,,,,,,,,,,,,,,,
122,18-Apr-2018 00:56:18,,3.11,0,0,26,,,,,,,,,,,,,,,,
156,18-Apr-2018 10:24:48,5.11,3.11,1,0,24,,,,,,,,,,,,,,,,
231,20-Apr-2018 17:23:36,4.89,3.11,1,1,27,,,,,,,,,,,,,,,,
238,20-Apr-2018 21:58:12,3.67,3.11,0,0,24,,,,,,,,,,,,,,,,
298,21-Apr-2018 14:39:13,1.88,3.11,1,1,29,,,,,,,,,,,,,,,,
307,21-Apr-2018 12:40:34,2.89,3.11,0,1,22,,,,,,,,,,,,,,,,
312,21-Apr-2018 03:30:47,3.78,3.11,0,1,29,,,,,,,,,,,,,,,,
331,21-Apr-2018 19:59:37,5.33,3.11,0,1,26,,,,,,,,,,,,,,,,
333,21-Apr-2018 21:09:53,2.89,3.11,0,1,24,,,,,,,,,,,,,,,,
343,21-Apr-2018 21:36:23,4.11,3.11,1,1,26,,,,,,,,,,,,,,,,
362,21-Apr-2018 06:35:53,2.78,3.11,0,1,29,,,,,,,,,,,,,,,,
416,20-Apr-2018 14:30:43,3.44,3.11,0,0,26,,,,,,,,,,,,,,,,
456,21-Apr-2018 11:17:25,5.33,3.11,1,1,21,,,,,,,,,,,,,,,,
524,21-Apr-2018 05:41:21,3,3.11,0,0,20,,,,,,,,,,,,,,,,
562,18-Apr-2018 21:52:18,4.11,3.11,1,1,24,,,,,,,,,,,,,,,,
564,21-Apr-2018 21:01:11,2.56,3.11,0,0,29,,,,,,,,,,,,,,,,
570,21-Apr-2018 14:12:04,3.56,3.11,0,0,28,,,,,,,,,,,,,,,,
632,21-Apr-2018 12:01:23,2.56,3.11,1,1,27,,,,,,,,,,,,,,,,
637,21-Apr-2018 18:54:02,3.33,3.11,1,0,28,,,,,,,,,,,,,,,,
658,18-Apr-2018 10:25:49,3.33,3.11,1,1,23,,,,,,,,,,,,,,,,
670,20-Apr-2018 20:55:53,2.89,3.11,0,1,24,,,,,,,,,,,,,,,,
686,21-Apr-2018 17:17:24,3,3.11,0,1,26,,,,,,,,,,,,,,,,
740,20-Apr-2018 19:05:10,3.56,3.11,0,0,32,,,,,,,,,,,,,,,,
746,20-Apr-2018 19:00:47,2.33,3.11,0,1,27,,,,,,,,,,,,,,,,
758,21-Apr-2018 17:28:36,2.33,3.11,0,1,26,,,,,,,,,,,,,,,,
772,20-Apr-2018 22:26:39,4.11,3.11,1,1,23,,,,,,,,,,,,,,,,
833,18-Apr-2018 02:07:26,2.33,3.11,0,0,23,,,,,,,,,,,,,,,,
845,20-Apr-2018 16:26:12,4.33,3.11,1,0,23,,,,,,,,,,,,,,,,
846,20-Apr-2018 17:45:19,4,3.11,1,1,21,,,,,,,,,,,,,,,,
848,20-Apr-2018 18:49:47,4,3.11,1,1,23,,,,,,,,,,,,,,,,
855,21-Apr-2018 03:37:56,4.33,3.11,1,1,23,,,,,,,,,,,,,,,,
889,21-Apr-2018 19:08:32,4,3.11,1,1,24,,,,,,,,,,,,,,,,
901,20-Apr-2018 04:22:20,4,3.11,1,1,26,,,,,,,,,,,,,,,,
904,20-Apr-2018 06:29:42,4,3.11,1,1,23,,,,,,,,,,,,,,,,
907,21-Apr-2018 00:46:25,3.11,3.11,0,1,28,,,,,,,,,,,,,,,,
919,20-Apr-2018 16:24:39,4.22,3.11,1,1,24,,,,,,,,,,,,,,,,
921,20-Apr-2018 20:19:06,3.78,3.11,0,0,28,,,,,,,,,,,,,,,,
932,21-Apr-2018 00:46:33,3.11,3.11,1,1,24,,,,,,,,,,,,,,,,
939,20-Apr-2018 19:12:48,4,3.11,1,1,23,,,,,,,,,,,,,,,,
952,21-Apr-2018 07:31:11,4.22,3.11,1,1,26,,,,,,,,,,,,,,,,
953,21-Apr-2018 08:23:20,4.11,3.11,1,1,26,,,,,,,,,,,,,,,,
963,21-Apr-2018 20:24:38,4,3.11,1,0,25,,,,,,,,,,,,,,,,
978,20-Apr-2018 05:49:36,2.44,3.11,0,1,23,,,,,,,,,,,,,,,,
1000,21-Apr-2018 08:25:03,3.89,3.11,1,1,25,,,,,,,,,,,,,,,,
1010,21-Apr-2018 09:00:21,4.22,3.11,1,1,25,,,,,,,,,,,,,,,,
146,20-Apr-2018 22:24:58,2.11,3,0,0,32,,,,,,,,,,,,,,,,
169,20-Apr-2018 17:15:14,2.33,3,0,1,23,,,,,,,,,,,,,,,,
214,17-Apr-2018 18:19:50,3.89,3,1,1,25,,,,,,,,,,,,,,,,
239,19-Apr-2018 01:54:22,2.33,3,0,1,31,,,,,,,,,,,,,,,,
240,20-Apr-2018 19:56:36,2.11,3,0,0,26,,,,,,,,,,,,,,,,
299,18-Apr-2018 03:24:09,4,3,1,1,23,,,,,,,,,,,,,,,,
309,21-Apr-2018 19:25:47,4.33,3,1,1,26,,,,,,,,,,,,,,,,
460,20-Apr-2018 20:15:31,3.22,3,0,1,22,,,,,,,,,,,,,,,,
482,20-Apr-2018 19:47:18,4,3,0,0,25,,,,,,,,,,,,,,,,
485,21-Apr-2018 18:31:27,2.44,3,0,1,23,,,,,,,,,,,,,,,,
499,21-Apr-2018 05:50:40,3.44,3,0,0,26,,,,,,,,,,,,,,,,
559,21-Apr-2018 03:09:07,3,3,0,0,30,,,,,,,,,,,,,,,,
565,20-Apr-2018 00:51:35,2.44,3,0,1,30,,,,,,,,,,,,,,,,
623,18-Apr-2018 10:56:03,3.11,3,0,1,20,,,,,,,,,,,,,,,,
627,20-Apr-2018 17:23:38,3.78,3,1,0,26,,,,,,,,,,,,,,,,
654,21-Apr-2018 17:59:12,2.44,3,1,1,24,,,,,,,,,,,,,,,,
688,21-Apr-2018 19:34:31,3.89,3,0,0,29,,,,,,,,,,,,,,,,
690,21-Apr-2018 12:59:59,3.33,3,1,1,21,,,,,,,,,,,,,,,,
727,20-Apr-2018 18:01:15,3.33,3,0,1,29,,,,,,,,,,,,,,,,
839,20-Apr-2018 03:23:59,1.67,3,0,1,25,,,,,,,,,,,,,,,,
865,20-Apr-2018 19:56:44,2.22,3,0,1,28,,,,,,,,,,,,,,,,
880,21-Apr-2018 18:00:23,3.89,3,0,0,27,,,,,,,,,,,,,,,,
884,20-Apr-2018 03:20:16,4.11,3,1,1,23,,,,,,,,,,,,,,,,
915,20-Apr-2018 16:26:45,4.11,3,1,1,23,,,,,,,,,,,,,,,,
938,20-Apr-2018 18:52:49,4,3,1,1,26,,,,,,,,,,,,,,,,
993,20-Apr-2018 18:46:58,2.33,3,0,0,29,,,,,,,,,,,,,,,,
996,21-Apr-2018 10:16:05,3.67,3,1,1,29,,,,,,,,,,,,,,,,
77,21-Apr-2018 00:54:19,1,2.89,1,0,30,,,,,,,,,,,,,,,,
140,21-Apr-2018 17:35:26,3.67,2.89,0,1,26,,,,,,,,,,,,,,,,
257,20-Apr-2018 18:49:16,2.56,2.89,1,1,29,,,,,,,,,,,,,,,,
317,18-Apr-2018 09:11:58,2.78,2.89,1,1,29,,,,,,,,,,,,,,,,
365,21-Apr-2018 11:27:00,5.33,2.89,0,1,26,,,,,,,,,,,,,,,,
591,19-Apr-2018 01:54:41,2.33,2.89,0,0,21,,,,,,,,,,,,,,,,
665,18-Apr-2018 11:31:11,4.56,2.89,1,0,25,,,,,,,,,,,,,,,,
679,20-Apr-2018 23:16:18,2.22,2.89,0,0,27,,,,,,,,,,,,,,,,
681,20-Apr-2018 16:32:42,3.33,2.89,0,1,25,,,,,,,,,,,,,,,,
699,21-Apr-2018 14:46:32,2.13,2.89,0,1,22,,,,,,,,,,,,,,,,
757,20-Apr-2018 17:24:08,3,2.89,1,1,27,,,,,,,,,,,,,,,,
771,20-Apr-2018 21:04:26,3.67,2.89,1,0,21,,,,,,,,,,,,,,,,
1016,21-Apr-2018 18:02:55,4,2.89,0,1,23,,,,,,,,,,,,,,,,
24,21-Apr-2018 13:31:45,4.56,2.78,1,0,26,,,,,,,,,,,,,,,,
95,20-Apr-2018 06:28:21,2.44,2.78,0,1,27,,,,,,,,,,,,,,,,
118,20-Apr-2018 22:22:29,2,2.78,0,1,32,,,,,,,,,,,,,,,,
163,20-Apr-2018 00:51:55,1.89,2.78,0,0,26,,,,,,,,,,,,,,,,
192,21-Apr-2018 09:24:20,5,2.78,1,0,25,,,,,,,,,,,,,,,,
226,20-Apr-2018 18:35:38,2.78,2.78,0,1,,,,,,,,,,,,,,,,,
237,20-Apr-2018 20:59:27,3.56,2.78,0,0,27,,,,,,,,,,,,,,,,
295,20-Apr-2018 18:12:59,3.22,2.78,1,1,24,,,,,,,,,,,,,,,,
316,18-Apr-2018 01:08:06,2.22,2.78,0,1,31,,,,,,,,,,,,,,,,
361,20-Apr-2018 17:00:29,3.25,2.78,0,1,24,,,,,,,,,,,,,,,,
363,18-Apr-2018 08:39:59,2,2.78,0,1,20,,,,,,,,,,,,,,,,
474,18-Apr-2018 08:56:42,3.78,2.78,0,1,26,,,,,,,,,,,,,,,,
566,21-Apr-2018 17:28:08,3.22,2.78,1,1,28,,,,,,,,,,,,,,,,
578,21-Apr-2018 12:24:19,3,2.78,1,1,27,,,,,,,,,,,,,,,,
580,18-Apr-2018 20:36:31,2.11,2.78,0,0,22,,,,,,,,,,,,,,,,
581,21-Apr-2018 15:11:53,1.89,2.78,1,1,25,,,,,,,,,,,,,,,,
599,20-Apr-2018 17:36:25,2.78,2.78,0,1,25,,,,,,,,,,,,,,,,
629,21-Apr-2018 09:24:17,4.56,2.78,1,1,22,,,,,,,,,,,,,,,,
642,18-Apr-2018 20:36:41,2.67,2.78,0,1,28,,,,,,,,,,,,,,,,
673,19-Apr-2018 02:56:34,2.44,2.78,0,1,28,,,,,,,,,,,,,,,,
695,20-Apr-2018 15:59:21,3.56,2.78,0,1,31,,,,,,,,,,,,,,,,
713,20-Apr-2018 09:42:16,3.56,2.78,0,1,21,,,,,,,,,,,,,,,,
842,20-Apr-2018 17:15:21,2.44,2.78,0,1,29,,,,,,,,,,,,,,,,
843,19-Apr-2018 00:01:14,2.78,2.78,0,1,28,,,,,,,,,,,,,,,,
879,21-Apr-2018 14:00:11,2.38,2.78,0,1,21,,,,,,,,,,,,,,,,
886,21-Apr-2018 08:28:17,2.78,2.78,0,1,22,,,,,,,,,,,,,,,,
981,21-Apr-2018 02:26:29,3,2.78,0,1,26,,,,,,,,,,,,,,,,
335,21-Apr-2018 03:30:43,3.78,2.67,1,1,21,,,,,,,,,,,,,,,,
462,20-Apr-2018 20:08:18,2.89,2.67,0,1,25,,,,,,,,,,,,,,,,
483,21-Apr-2018 09:09:29,3.89,2.67,0,0,26,,,,,,,,,,,,,,,,
615,21-Apr-2018 19:13:57,2.33,2.67,1,1,22,,,,,,,,,,,,,,,,
631,21-Apr-2018 17:14:46,1.78,2.67,0,1,30,,,,,,,,,,,,,,,,
641,20-Apr-2018 11:52:53,1.89,2.67,0,1,32,,,,,,,,,,,,,,,,
696,21-Apr-2018 17:48:54,2.67,2.67,1,1,26,,,,,,,,,,,,,,,,
700,18-Apr-2018 11:19:04,3.89,2.67,1,1,21,,,,,,,,,,,,,,,,
706,20-Apr-2018 16:47:17,3.11,2.67,0,1,26,,,,,,,,,,,,,,,,
717,18-Apr-2018 04:35:39,2.44,2.67,0,0,23,,,,,,,,,,,,,,,,
719,18-Apr-2018 20:36:49,1.44,2.67,0,1,27,,,,,,,,,,,,,,,,
723,19-Apr-2018 00:00:53,1.67,2.67,0,1,27,,,,,,,,,,,,,,,,
726,20-Apr-2018 16:11:04,3.89,2.67,0,1,25,,,,,,,,,,,,,,,,
739,21-Apr-2018 17:50:02,4,2.67,0,1,27,,,,,,,,,,,,,,,,
864,19-Apr-2018 01:54:29,2.22,2.67,0,1,28,,,,,,,,,,,,,,,,
917,20-Apr-2018 17:15:07,2.33,2.67,0,0,29,,,,,,,,,,,,,,,,
927,18-Apr-2018 04:36:33,3,2.67,0,1,27,,,,,,,,,,,,,,,,
1018,18-Apr-2018 16:48:32,3.11,2.67,0,0,21,,,,,,,,,,,,,,,,
172,18-Apr-2018 11:41:23,2.67,2.56,1,1,26,,,,,,,,,,,,,,,,
187,20-Apr-2018 20:54:38,4.33,2.56,1,0,20,,,,,,,,,,,,,,,,
315,21-Apr-2018 12:18:38,3.56,2.56,0,1,28,,,,,,,,,,,,,,,,
628,18-Apr-2018 13:11:59,3.44,2.56,1,1,30,,,,,,,,,,,,,,,,
634,18-Apr-2018 10:16:25,4.44,2.56,1,1,31,,,,,,,,,,,,,,,,
659,21-Apr-2018 18:39:12,3.56,2.56,0,1,25,,,,,,,,,,,,,,,,
671,20-Apr-2018 03:24:03,2.22,2.56,0,1,23,,,,,,,,,,,,,,,,
716,18-Apr-2018 01:07:34,2.22,2.56,0,0,30,,,,,,,,,,,,,,,,
743,21-Apr-2018 12:07:27,3.44,2.56,0,1,24,,,,,,,,,,,,,,,,
750,20-Apr-2018 17:49:26,3,2.56,0,1,24,,,,,,,,,,,,,,,,
755,20-Apr-2018 18:24:51,3.56,2.56,1,1,25,,,,,,,,,,,,,,,,
93,18-Apr-2018 02:06:19,3.11,2.44,0,1,28,,,,,,,,,,,,,,,,
194,18-Apr-2018 14:00:48,4.11,2.44,1,1,27,,,,,,,,,,,,,,,,
291,18-Apr-2018 09:46:51,2.38,2.44,1,1,25,,,,,,,,,,,,,,,,
313,20-Apr-2018 17:12:09,3.44,2.44,1,1,29,,,,,,,,,,,,,,,,
590,18-Apr-2018 09:26:08,2.89,2.44,1,1,23,,,,,,,,,,,,,,,,
620,21-Apr-2018 06:48:51,2.44,2.44,0,1,26,,,,,,,,,,,,,,,,
678,19-Apr-2018 02:56:41,2.11,2.44,0,0,22,,,,,,,,,,,,,,,,
682,21-Apr-2018 18:09:45,2.89,2.44,1,0,24,,,,,,,,,,,,,,,,
722,18-Apr-2018 14:22:05,4.44,2.44,1,1,26,,,,,,,,,,,,,,,,
815,21-Apr-2018 16:52:38,2.78,2.44,1,1,28,,,,,,,,,,,,,,,,
819,21-Apr-2018 04:42:54,4,2.44,0,1,22,,,,,,,,,,,,,,,,
881,18-Apr-2018 10:43:09,2.56,2.44,1,1,23,,,,,,,,,,,,,,,,
967,21-Apr-2018 06:02:48,1.78,2.44,0,1,32,,,,,,,,,,,,,,,,
994,19-Apr-2018 00:01:05,2.22,2.44,0,0,22,,,,,,,,,,,,,,,,
666,20-Apr-2018 18:46:48,2.67,2.38,0,0,27,,,,,,,,,,,,,,,,
73,21-Apr-2018 00:29:11,1,2.33,1,1,30,,,,,,,,,,,,,,,,
74,21-Apr-2018 00:41:45,1,2.33,0,1,28,,,,,,,,,,,,,,,,
182,21-Apr-2018 03:51:22,1.33,2.33,1,1,27,,,,,,,,,,,,,,,,
191,21-Apr-2018 01:43:18,1.33,2.33,0,1,27,,,,,,,,,,,,,,,,
337,18-Apr-2018 05:47:50,3,2.33,0,0,28,,,,,,,,,,,,,,,,
714,20-Apr-2018 10:03:18,3.78,2.33,0,1,21,,,,,,,,,,,,,,,,
735,18-Apr-2018 05:47:44,3,2.33,0,1,18,,,,,,,,,,,,,,,,
818,21-Apr-2018 01:51:22,2.67,2.33,0,1,26,,,,,,,,,,,,,,,,
828,20-Apr-2018 03:24:00,1.67,2.33,0,0,29,,,,,,,,,,,,,,,,
840,19-Apr-2018 02:56:25,2.56,2.33,0,1,29,,,,,,,,,,,,,,,,
933,21-Apr-2018 08:28:15,4,2.33,0,1,30,,,,,,,,,,,,,,,,
76,21-Apr-2018 01:08:48,1,2.22,1,1,29,,,,,,,,,,,,,,,,
385,20-Apr-2018 23:16:02,2.67,2.22,0,1,32,,,,,,,,,,,,,,,,
660,21-Apr-2018 13:13:36,3.44,2.22,1,1,22,,,,,,,,,,,,,,,,
674,18-Apr-2018 05:47:59,1.44,2.22,1,0,26,,,,,,,,,,,,,,,,
924,20-Apr-2018 10:22:34,3.67,2.22,1,1,23,,,,,,,,,,,,,,,,
9,20-Apr-2018 22:19:26,1.78,2.11,1,0,26,,,,,,,,,,,,,,,,
26,21-Apr-2018 20:31:41,1,2.11,1,1,27,,,,,,,,,,,,,,,,
72,21-Apr-2018 18:57:14,1,2.11,0,1,28,,,,,,,,,,,,,,,,
75,21-Apr-2018 01:00:29,1,2.11,1,1,29,,,,,,,,,,,,,,,,
81,21-Apr-2018 00:06:42,1.11,2.11,0,0,28,,,,,,,,,,,,,,,,
85,21-Apr-2018 18:37:02,1.22,2.11,0,1,28,,,,,,,,,,,,,,,,
162,21-Apr-2018 05:04:56,1,2.11,1,1,32,,,,,,,,,,,,,,,,
179,21-Apr-2018 05:23:37,1.22,2.11,0,1,28,,,,,,,,,,,,,,,,
186,21-Apr-2018 03:44:56,1.22,2.11,0,1,29,,,,,,,,,,,,,,,,
188,21-Apr-2018 03:38:09,1.22,2.11,0,1,27,,,,,,,,,,,,,,,,
450,20-Apr-2018 18:46:40,2.44,2.11,0,1,33,,,,,,,,,,,,,,,,
878,21-Apr-2018 17:43:23,4.33,2.11,1,1,23,,,,,,,,,,,,,,,,
5,20-Apr-2018 22:42:01,1,2,0,0,31,,,,,,,,,,,,,,,,
35,20-Apr-2018 10:39:36,2.11,2,1,1,27,,,,,,,,,,,,,,,,
79,21-Apr-2018 19:18:02,1.11,2,1,0,30,,,,,,,,,,,,,,,,
82,21-Apr-2018 18:46:08,1,2,0,1,29,,,,,,,,,,,,,,,,
83,21-Apr-2018 01:16:55,1.22,2,1,1,23,,,,,,,,,,,,,,,,
84,21-Apr-2018 18:18:32,1,2,0,1,31,,,,,,,,,,,,,,,,
86,21-Apr-2018 18:25:11,1.33,2,1,1,29,,,,,,,,,,,,,,,,
87,21-Apr-2018 01:23:22,1,2,1,1,29,,,,,,,,,,,,,,,,
137,19-Apr-2018 11:10:02,1.78,2,0,1,34,,,,,,,,,,,,,,,,
154,21-Apr-2018 18:33:29,1.67,2,0,1,28,,,,,,,,,,,,,,,,
168,20-Apr-2018 22:31:11,1,2,1,1,32,,,,,,,,,,,,,,,,
189,20-Apr-2018 21:27:35,1,2,0,0,25,,,,,,,,,,,,,,,,
250,21-Apr-2018 03:12:40,1.33,2,1,1,31,,,,,,,,,,,,,,,,
454,20-Apr-2018 17:13:47,2.78,2,0,1,27,,,,,,,,,,,,,,,,
487,20-Apr-2018 19:56:27,2.11,2,0,1,29,,,,,,,,,,,,,,,,
829,18-Apr-2018 21:55:28,1,2,0,0,27,,,,,,,,,,,,,,,,
830,20-Apr-2018 23:16:09,1.78,2,1,0,27,,,,,,,,,,,,,,,,
837,21-Apr-2018 05:08:07,1,2,0,1,28,,,,,,,,,,,,,,,,
965,21-Apr-2018 19:41:55,1,2,0,0,26,,,,,,,,,,,,,,,,
27,20-Apr-2018 23:51:02,1,1.89,1,1,33,,,,,,,,,,,,,,,,
28,20-Apr-2018 23:47:32,1,1.89,1,1,28,,,,,,,,,,,,,,,,
184,21-Apr-2018 01:51:28,1.22,1.89,0,0,27,,,,,,,,,,,,,,,,
190,21-Apr-2018 04:26:40,1,1.89,0,0,28,,,,,,,,,,,,,,,,
236,21-Apr-2018 06:15:21,1,1.89,1,1,33,,,,,,,,,,,,,,,,
360,19-Apr-2018 12:34:50,1.67,1.89,0,1,33,,,,,,,,,,,,,,,,
406,20-Apr-2018 22:19:53,2.56,1.89,0,0,33,,,,,,,,,,,,,,,,
784,21-Apr-2018 19:46:49,1,1.89,0,1,33,,,,,,,,,,,,,,,,
966,21-Apr-2018 06:15:57,1.22,1.89,1,1,25,,,,,,,,,,,,,,,,
1005,21-Apr-2018 17:20:41,3.67,1.89,1,1,24,,,,,,,,,,,,,,,,
1,21-Apr-2018 21:59:04,1.22,1.78,1,1,26,,,,,,,,,,,,,,,,
25,21-Apr-2018 06:23:08,1.33,1.78,0,1,28,,,,,,,,,,,,,,,,
40,20-Apr-2018 22:07:21,1.89,1.78,0,1,28,,,,,,,,,,,,,,,,
71,21-Apr-2018 19:30:56,1.22,1.78,1,1,29,,,,,,,,,,,,,,,,
78,21-Apr-2018 19:25:24,1,1.78,1,1,28,,,,,,,,,,,,,,,,
80,21-Apr-2018 19:08:56,1.11,1.78,1,1,29,,,,,,,,,,,,,,,,
167,21-Apr-2018 20:14:39,1,1.78,0,0,26,,,,,,,,,,,,,,,,
174,21-Apr-2018 06:55:34,1,1.78,0,0,31,,,,,,,,,,,,,,,,
178,21-Apr-2018 17:26:08,1.33,1.78,0,1,30,,,,,,,,,,,,,,,,
180,21-Apr-2018 04:15:34,1.22,1.78,1,1,30,,,,,,,,,,,,,,,,
185,21-Apr-2018 04:07:21,1,1.78,0,1,28,,,,,,,,,,,,,,,,
199,21-Apr-2018 17:50:11,1,1.78,1,1,31,,,,,,,,,,,,,,,,
210,21-Apr-2018 18:22:10,2,1.78,1,1,31,,,,,,,,,,,,,,,,
251,21-Apr-2018 19:53:17,1.11,1.78,0,1,29,,,,,,,,,,,,,,,,
464,20-Apr-2018 23:16:43,1,1.78,0,1,33,,,,,,,,,,,,,,,,
465,18-Apr-2018 13:40:39,2.44,1.78,0,1,29,,,,,,,,,,,,,,,,
568,21-Apr-2018 20:49:20,1,1.78,0,1,26,,,,,,,,,,,,,,,,
600,18-Apr-2018 21:30:34,2.11,1.78,0,0,33,,,,,,,,,,,,,,,,
601,20-Apr-2018 23:35:39,1,1.78,1,0,31,,,,,,,,,,,,,,,,
633,20-Apr-2018 20:32:42,1.67,1.78,0,1,34,,,,,,,,,,,,,,,,
668,20-Apr-2018 22:56:07,2.33,1.78,0,1,23,,,,,,,,,,,,,,,,
692,21-Apr-2018 21:12:05,1,1.78,0,1,30,,,,,,,,,,,,,,,,
728,19-Apr-2018 19:29:27,1.56,1.78,0,1,33,,,,,,,,,,,,,,,,
736,21-Apr-2018 19:36:04,1,1.78,1,1,27,,,,,,,,,,,,,,,,
749,20-Apr-2018 15:28:07,1.56,1.78,0,1,33,,,,,,,,,,,,,,,,
752,20-Apr-2018 16:59:28,2,1.78,0,1,32,,,,,,,,,,,,,,,,
885,17-Apr-2018 19:21:08,3.33,1.78,1,1,25,,,,,,,,,,,,,,,,
945,20-Apr-2018 23:16:08,1,1.78,0,1,28,,,,,,,,,,,,,,,,
968,21-Apr-2018 05:53:07,1,1.78,1,1,33,,,,,,,,,,,,,,,,
3,21-Apr-2018 20:22:57,1.22,1.67,1,1,30,,,,,,,,,,,,,,,,
4,21-Apr-2018 21:42:30,1.22,1.67,1,1,27,,,,,,,,,,,,,,,,
36,21-Apr-2018 05:35:35,2.11,1.67,0,1,32,,,,,,,,,,,,,,,,
38,21-Apr-2018 19:56:37,2.33,1.67,0,1,28,,,,,,,,,,,,,,,,
120,21-Apr-2018 05:38:35,2,1.67,1,1,25,,,,,,,,,,,,,,,,
153,21-Apr-2018 19:25:58,1.44,1.67,0,1,30,,,,,,,,,,,,,,,,
164,21-Apr-2018 04:07:00,1.89,1.67,1,1,31,,,,,,,,,,,,,,,,
170,21-Apr-2018 18:25:06,2.11,1.67,1,1,28,,,,,,,,,,,,,,,,
171,21-Apr-2018 16:58:45,2,1.67,0,1,30,,,,,,,,,,,,,,,,
175,21-Apr-2018 06:46:24,2.11,1.67,1,1,33,,,,,,,,,,,,,,,,
183,21-Apr-2018 03:31:41,1.33,1.67,1,0,28,,,,,,,,,,,,,,,,
211,21-Apr-2018 01:51:32,1,1.67,1,1,32,,,,,,,,,,,,,,,,
219,21-Apr-2018 19:56:27,1.56,1.67,1,1,27,,,,,,,,,,,,,,,,
222,21-Apr-2018 04:51:58,2.22,1.67,0,1,31,,,,,,,,,,,,,,,,
225,21-Apr-2018 19:55:09,1.67,1.67,1,1,33,,,,,,,,,,,,,,,,
269,21-Apr-2018 02:59:14,2,1.67,1,1,31,,,,,,,,,,,,,,,,
395,21-Apr-2018 04:09:11,1.78,1.67,0,1,29,,,,,,,,,,,,,,,,
396,21-Apr-2018 04:51:33,2,1.67,1,1,29,,,,,,,,,,,,,,,,
397,21-Apr-2018 04:43:14,2,1.67,0,1,30,,,,,,,,,,,,,,,,
401,21-Apr-2018 00:55:31,2.22,1.67,1,1,29,,,,,,,,,,,,,,,,
402,21-Apr-2018 19:56:11,1.89,1.67,1,1,29,,,,,,,,,,,,,,,,
404,20-Apr-2018 15:43:49,1.56,1.67,1,0,29,,,,,,,,,,,,,,,,
410,21-Apr-2018 01:49:20,1.56,1.67,1,1,28,,,,,,,,,,,,,,,,
411,21-Apr-2018 01:49:34,2.22,1.67,1,1,31,,,,,,,,,,,,,,,,
412,21-Apr-2018 00:53:25,1.67,1.67,1,1,29,,,,,,,,,,,,,,,,
421,21-Apr-2018 18:26:26,2.22,1.67,1,1,32,,,,,,,,,,,,,,,,
468,19-Apr-2018 13:26:38,1.89,1.67,0,0,32,,,,,,,,,,,,,,,,
480,21-Apr-2018 15:29:43,2,1.67,0,1,35,,,,,,,,,,,,,,,,
488,21-Apr-2018 02:59:01,1.89,1.67,1,1,27,,,,,,,,,,,,,,,,
489,21-Apr-2018 02:59:36,1.56,1.67,1,1,27,,,,,,,,,,,,,,,,
490,21-Apr-2018 04:07:06,1.78,1.67,1,1,26,,,,,,,,,,,,,,,,
538,21-Apr-2018 04:55:32,2.11,1.67,1,1,30,,,,,,,,,,,,,,,,
539,21-Apr-2018 18:25:53,2.44,1.67,0,1,30,,,,,,,,,,,,,,,,
544,21-Apr-2018 18:25:41,1.89,1.67,1,1,27,,,,,,,,,,,,,,,,
547,21-Apr-2018 05:35:53,1.89,1.67,0,1,25,,,,,,,,,,,,,,,,
553,21-Apr-2018 02:59:00,1.78,1.67,1,1,27,,,,,,,,,,,,,,,,
569,18-Apr-2018 23:05:37,1.89,1.67,0,1,31,,,,,,,,,,,,,,,,
640,21-Apr-2018 19:55:04,2.33,1.67,1,1,30,,,,,,,,,,,,,,,,
643,21-Apr-2018 00:48:14,1.89,1.67,0,1,24,,,,,,,,,,,,,,,,
647,21-Apr-2018 21:48:45,1.11,1.67,0,0,30,,,,,,,,,,,,,,,,
651,21-Apr-2018 00:52:48,1.78,1.67,1,1,27,,,,,,,,,,,,,,,,
664,21-Apr-2018 18:26:15,1.33,1.67,0,1,27,,,,,,,,,,,,,,,,
672,21-Apr-2018 03:21:17,2.33,1.67,0,1,30,,,,,,,,,,,,,,,,
680,19-Apr-2018 05:32:54,1,1.67,0,1,31,,,,,,,,,,,,,,,,
705,18-Apr-2018 15:55:50,1.89,1.67,0,1,36,,,,,,,,,,,,,,,,
715,21-Apr-2018 00:49:31,2.11,1.67,0,1,26,,,,,,,,,,,,,,,,
718,21-Apr-2018 04:51:18,2.33,1.67,0,1,32,,,,,,,,,,,,,,,,
734,21-Apr-2018 05:57:41,1.22,1.67,0,1,26,,,,,,,,,,,,,,,,
759,21-Apr-2018 21:10:48,1.56,1.67,0,1,33,,,,,,,,,,,,,,,,
807,21-Apr-2018 00:34:11,1.89,1.67,0,1,30,,,,,,,,,,,,,,,,
814,20-Apr-2018 23:05:30,2.11,1.67,0,1,28,,,,,,,,,,,,,,,,
816,18-Apr-2018 21:19:28,2.25,1.67,0,0,28,,,,,,,,,,,,,,,,
831,21-Apr-2018 01:49:30,2.11,1.67,0,1,31,,,,,,,,,,,,,,,,
832,21-Apr-2018 19:55:18,2.22,1.67,1,1,29,,,,,,,,,,,,,,,,
834,21-Apr-2018 05:35:25,1.78,1.67,0,1,30,,,,,,,,,,,,,,,,
835,21-Apr-2018 04:08:04,1.89,1.67,0,1,26,,,,,,,,,,,,,,,,
836,21-Apr-2018 05:35:17,1.89,1.67,1,1,26,,,,,,,,,,,,,,,,
838,21-Apr-2018 18:25:35,2.56,1.67,1,1,26,,,,,,,,,,,,,,,,
841,21-Apr-2018 02:58:42,1.67,1.67,1,1,28,,,,,,,,,,,,,,,,
844,21-Apr-2018 01:48:36,2.11,1.67,1,1,28,,,,,,,,,,,,,,,,
920,21-Apr-2018 05:35:47,2.11,1.67,0,1,30,,,,,,,,,,,,,,,,
923,18-Apr-2018 19:05:43,1.22,1.67,0,1,29,,,,,,,,,,,,,,,,
928,20-Apr-2018 21:35:56,2.33,1.67,1,1,28,,,,,,,,,,,,,,,,
972,21-Apr-2018 20:39:49,1.22,1.67,1,1,26,,,,,,,,,,,,,,,,
977,21-Apr-2018 04:06:53,2,1.67,1,1,31,,,,,,,,,,,,,,,,
979,21-Apr-2018 04:51:12,2.44,1.67,0,1,30,,,,,,,,,,,,,,,,
995,21-Apr-2018 01:48:47,1.89,1.67,0,1,29,,,,,,,,,,,,,,,,
1011,21-Apr-2018 15:16:56,2.78,1.67,0,1,29,,,,,,,,,,,,,,,,
2,21-Apr-2018 21:26:37,1.22,1.56,1,0,29,,,,,,,,,,,,,,,,
12,18-Apr-2018 22:30:09,2.56,1.56,0,1,34,,,,,,,,,,,,,,,,
150,20-Apr-2018 21:35:15,1.56,1.56,0,0,33,,,,,,,,,,,,,,,,
151,20-Apr-2018 14:32:28,1.56,1.56,0,1,32,,,,,,,,,,,,,,,,
177,21-Apr-2018 06:54:24,1.22,1.56,0,1,30,,,,,,,,,,,,,,,,
181,21-Apr-2018 03:25:50,1.22,1.56,0,1,26,,,,,,,,,,,,,,,,
197,21-Apr-2018 18:31:55,1,1.56,0,1,31,,,,,,,,,,,,,,,,
200,21-Apr-2018 17:56:36,1.89,1.56,0,1,35,,,,,,,,,,,,,,,,
208,21-Apr-2018 03:20:10,1,1.56,1,1,32,,,,,,,,,,,,,,,,
213,21-Apr-2018 03:34:50,1,1.56,0,1,32,,,,,,,,,,,,,,,,
271,18-Apr-2018 19:31:06,2.11,1.56,0,1,33,,,,,,,,,,,,,,,,
288,20-Apr-2018 17:30:03,1.67,1.56,0,0,32,,,,,,,,,,,,,,,,
303,20-Apr-2018 22:00:26,1.78,1.56,0,1,32,,,,,,,,,,,,,,,,
374,20-Apr-2018 23:29:56,1,1.56,1,1,33,,,,,,,,,,,,,,,,
463,20-Apr-2018 13:41:16,2.44,1.56,0,1,28,,,,,,,,,,,,,,,,
479,21-Apr-2018 15:10:15,1.67,1.56,0,0,35,,,,,,,,,,,,,,,,
493,20-Apr-2018 18:43:16,3.33,1.56,1,1,29,,,,,,,,,,,,,,,,
592,20-Apr-2018 20:57:35,1.89,1.56,0,1,33,,,,,,,,,,,,,,,,
602,21-Apr-2018 06:33:54,1.33,1.56,0,1,27,,,,,,,,,,,,,,,,
613,20-Apr-2018 11:23:23,1.56,1.56,0,1,33,,,,,,,,,,,,,,,,
617,18-Apr-2018 18:03:00,1.89,1.56,0,1,33,,,,,,,,,,,,,,,,
619,18-Apr-2018 18:32:25,2,1.56,0,1,32,,,,,,,,,,,,,,,,
624,18-Apr-2018 17:31:24,2.11,1.56,1,1,24,,,,,,,,,,,,,,,,
644,18-Apr-2018 20:29:31,2.11,1.56,0,1,33,,,,,,,,,,,,,,,,
652,21-Apr-2018 17:29:34,1.67,1.56,0,1,32,,,,,,,,,,,,,,,,
694,18-Apr-2018 22:01:18,1.78,1.56,0,1,34,,,,,,,,,,,,,,,,
708,18-Apr-2018 14:50:49,1.89,1.56,0,1,34,,,,,,,,,,,,,,,,
733,21-Apr-2018 05:43:41,1,1.56,1,1,33,,,,,,,,,,,,,,,,
742,21-Apr-2018 16:27:54,1.67,1.56,0,1,32,,,,,,,,,,,,,,,,
798,20-Apr-2018 18:32:58,1.67,1.56,0,1,29,,,,,,,,,,,,,,,,
13,20-Apr-2018 12:58:02,1.67,1.44,0,1,33,,,,,,,,,,,,,,,,
138,19-Apr-2018 10:25:23,1.56,1.44,0,1,35,,,,,,,,,,,,,,,,
157,18-Apr-2018 15:33:10,2.11,1.44,0,1,32,,,,,,,,,,,,,,,,
176,21-Apr-2018 07:10:05,2.67,1.44,1,1,34,,,,,,,,,,,,,,,,
204,21-Apr-2018 01:09:45,1,1.44,0,1,31,,,,,,,,,,,,,,,,
235,21-Apr-2018 20:57:54,1,1.44,1,0,28,,,,,,,,,,,,,,,,
477,19-Apr-2018 20:29:41,1.89,1.44,1,1,33,,,,,,,,,,,,,,,,
598,18-Apr-2018 21:00:20,1.78,1.44,0,1,35,,,,,,,,,,,,,,,,
610,20-Apr-2018 14:01:15,1.67,1.44,0,1,34,,,,,,,,,,,,,,,,
675,21-Apr-2018 03:55:43,1.33,1.44,0,0,29,,,,,,,,,,,,,,,,
685,18-Apr-2018 08:58:29,1,1.44,0,1,27,,,,,,,,,,,,,,,,
703,19-Apr-2018 13:01:47,1.33,1.44,0,1,33,,,,,,,,,,,,,,,,
704,19-Apr-2018 17:01:47,1.78,1.44,0,0,35,,,,,,,,,,,,,,,,
747,20-Apr-2018 15:58:59,1.56,1.44,0,1,34,,,,,,,,,,,,,,,,
751,20-Apr-2018 16:31:16,2,1.44,0,1,34,,,,,,,,,,,,,,,,
793,20-Apr-2018 18:57:41,1.78,1.44,0,1,33,,,,,,,,,,,,,,,,
794,20-Apr-2018 19:33:21,1.67,1.44,0,1,34,,,,,,,,,,,,,,,,
796,21-Apr-2018 21:43:23,1.78,1.44,0,1,33,,,,,,,,,,,,,,,,
930,18-Apr-2018 08:07:46,1,1.44,0,1,29,,,,,,,,,,,,,,,,
1004,20-Apr-2018 18:01:59,1.44,1.44,0,1,31,,,,,,,,,,,,,,,,
15,20-Apr-2018 10:45:45,1.78,1.33,0,1,34,,,,,,,,,,,,,,,,
141,19-Apr-2018 11:30:56,1.56,1.33,0,1,34,,,,,,,,,,,,,,,,
142,19-Apr-2018 11:59:42,1.89,1.33,1,1,35,,,,,,,,,,,,,,,,
152,20-Apr-2018 15:03:21,1.78,1.33,1,1,34,,,,,,,,,,,,,,,,
223,18-Apr-2018 07:31:10,1.44,1.33,0,1,34,,,,,,,,,,,,,,,,
258,21-Apr-2018 18:08:04,1.67,1.33,0,1,34,,,,,,,,,,,,,,,,
527,20-Apr-2018 21:17:15,1.56,1.33,0,0,27,,,,,,,,,,,,,,,,
534,20-Apr-2018 13:27:35,2,1.33,0,1,29,,,,,,,,,,,,,,,,
608,18-Apr-2018 22:18:27,2.56,1.33,0,1,31,,,,,,,,,,,,,,,,
621,18-Apr-2018 18:59:49,2.11,1.33,0,1,34,,,,,,,,,,,,,,,,
622,18-Apr-2018 16:32:27,1.78,1.33,0,0,32,,,,,,,,,,,,,,,,
638,20-Apr-2018 19:56:53,1.89,1.33,0,1,34,,,,,,,,,,,,,,,,
656,19-Apr-2018 19:57:30,1.67,1.33,0,1,34,,,,,,,,,,,,,,,,
754,18-Apr-2018 19:59:08,2.22,1.33,0,1,33,,,,,,,,,,,,,,,,
892,21-Apr-2018 20:37:40,1.44,1.33,0,1,33,,,,,,,,,,,,,,,,
1006,20-Apr-2018 11:46:29,1.67,1.33,0,1,34,,,,,,,,,,,,,,,,
14,18-Apr-2018 13:43:53,2.22,1.22,0,1,32,,,,,,,,,,,,,,,,
287,20-Apr-2018 12:26:33,1.56,1.22,0,1,34,,,,,,,,,,,,,,,,
294,18-Apr-2018 17:04:29,1.89,1.22,0,1,32,,,,,,,,,,,,,,,,
413,20-Apr-2018 14:04:58,3.22,1.22,1,1,28,,,,,,,,,,,,,,,,
636,19-Apr-2018 11:22:54,1.56,1.22,1,1,25,,,,,,,,,,,,,,,,
724,19-Apr-2018 18:33:36,1.67,1.22,0,0,32,,,,,,,,,,,,,,,,
729,19-Apr-2018 18:59:00,2.22,1.22,0,1,32,,,,,,,,,,,,,,,,
625,19-Apr-2018 00:03:31,3.33,1.11,0,1,29,,,,,,,,,,,,,,,,
701,19-Apr-2018 17:30:25,1.56,1.11,0,1,35,,,,,,,,,,,,,,,,
745,20-Apr-2018 13:29:39,1.56,1.11,0,0,34,,,,,,,,,,,,,,,,
20,18-Apr-2018 15:22:10,2.67,1,0,1,28,,,,,,,,,,,,,,,,
58,18-Apr-2018 08:35:41,4,1,0,1,26,,,,,,,,,,,,,,,,
104,21-Apr-2018 20:58:40,1.78,1,0,1,24,,,,,,,,,,,,,,,,
159,16-Apr-2018 11:05:35,2.89,1,1,1,30,,,,,,,,,,,,,,,,
160,16-Apr-2018 11:05:11,2.89,1,1,1,26,,,,,,,,,,,,,,,,
246,17-Apr-2018 22:06:21,2.33,1,0,1,40,,,,,,,,,,,,,,,,
254,17-Apr-2018 21:02:40,3,1,0,0,25,,,,,,,,,,,,,,,,
280,20-Apr-2018 17:59:21,2.11,1,0,0,22,,,,,,,,,,,,,,,,
292,18-Apr-2018 08:22:26,5.56,1,0,1,34,,,,,,,,,,,,,,,,
302,17-Apr-2018 19:03:36,5.33,1,0,1,34,,,,,,,,,,,,,,,,
364,18-Apr-2018 09:04:33,2.11,1,0,1,36,,,,,,,,,,,,,,,,
414,21-Apr-2018 10:34:32,2.11,1,0,0,27,,,,,,,,,,,,,,,,
437,20-Apr-2018 19:41:44,1.56,1,0,1,31,,,,,,,,,,,,,,,,
469,21-Apr-2018 13:54:10,1.44,1,0,1,30,,,,,,,,,,,,,,,,
471,20-Apr-2018 20:35:59,1.78,1,1,1,29,,,,,,,,,,,,,,,,
522,21-Apr-2018 18:02:05,2.44,1,0,1,29,,,,,,,,,,,,,,,,
531,21-Apr-2018 09:08:01,1.89,1,0,1,21,,,,,,,,,,,,,,,,
532,21-Apr-2018 15:02:45,2.11,1,0,1,35,,,,,,,,,,,,,,,,
540,20-Apr-2018 16:28:00,2.44,1,0,1,35,,,,,,,,,,,,,,,,
585,18-Apr-2018 11:28:37,2,1,1,1,26,,,,,,,,,,,,,,,,
597,20-Apr-2018 22:57:18,1.33,1,0,1,29,,,,,,,,,,,,,,,,
607,19-Apr-2018 12:28:46,2.56,1,0,1,33,,,,,,,,,,,,,,,,
639,19-Apr-2018 02:18:35,1.56,1,1,1,35,,,,,,,,,,,,,,,,
689,18-Apr-2018 08:46:39,2.44,1,1,1,26,,,,,,,,,,,,,,,,
710,18-Apr-2018 08:30:25,1.89,1,1,1,37,,,,,,,,,,,,,,,,
806,20-Apr-2018 12:46:14,2.89,1,0,1,30,,,,,,,,,,,,,,,,
817,21-Apr-2018 19:00:55,1.78,1,0,1,33,,,,,,,,,,,,,,,,
986,18-Apr-2018 09:53:22,5,1,0,0,25,,,,,,,,,,,,,,,,
987,18-Apr-2018 22:38:53,2.78,1,0,0,25,,,,,,,,,,,,,,,,
991,19-Apr-2018 01:32:59,1.44,1,0,1,25,,,,,,,,,,,,,,,,
8,20-Apr-2018 21:30:42,2.78,,0,0,,,,,,,,,,,,,,,,,
10,19-Apr-2018 01:48:31,,,0,0,,,,,,,,,,,,,,,,,
57,18-Apr-2018 08:31:22,,,0,0,,,,,,,,,,,,,,,,,
116,20-Apr-2018 21:30:06,2.11,,0,0,,,,,,,,,,,,,,,,,
117,20-Apr-2018 22:19:25,,,0,0,,,,,,,,,,,,,,,,,
119,20-Apr-2018 15:14:31,,,0,0,,,,,,,,,,,,,,,,,
121,18-Apr-2018 00:46:54,,,0,0,,,,,,,,,,,,,,,,,
134,20-Apr-2018 14:30:17,,,0,0,,,,,,,,,,,,,,,,,
143,20-Apr-2018 21:30:51,2.33,,0,1,,,,,,,,,,,,,,,,,
144,20-Apr-2018 05:49:22,,,0,0,,,,,,,,,,,,,,,,,
145,20-Apr-2018 22:19:31,,,0,0,,,,,,,,,,,,,,,,,
165,20-Apr-2018 00:51:54,,,0,0,,,,,,,,,,,,,,,,,
166,20-Apr-2018 01:09:59,,,0,0,,,,,,,,,,,,,,,,,
218,20-Apr-2018 11:47:49,,,0,0,,,,,,,,,,,,,,,,,
224,20-Apr-2018 10:07:08,1,,0,0,,,,,,,,,,,,,,,,,
230,21-Apr-2018 04:15:40,,,0,0,,,,,,,,,,,,,,,,,
244,20-Apr-2018 16:45:11,2.78,,0,0,,,,,,,,,,,,,,,,,
245,17-Apr-2018 21:46:35,2.56,,0,1,39,,,,,,,,,,,,,,,,
265,21-Apr-2018 09:29:10,,,0,0,,,,,,,,,,,,,,,,,
268,18-Apr-2018 02:03:51,4.11,,1,1,26,,,,,,,,,,,,,,,,
318,18-Apr-2018 02:17:07,3.22,,0,0,,,,,,,,,,,,,,,,,
328,19-Apr-2018 18:26:17,1.89,,1,1,,,,,,,,,,,,,,,,,
332,21-Apr-2018 12:18:26,,,0,0,,,,,,,,,,,,,,,,,
334,20-Apr-2018 11:03:02,2.44,,0,1,,,,,,,,,,,,,,,,,
351,18-Apr-2018 08:58:58,,,0,0,,,,,,,,,,,,,,,,,
355,18-Apr-2018 02:55:47,3.67,,0,1,27,,,,,,,,,,,,,,,,
377,20-Apr-2018 09:29:05,1.89,,0,1,,,,,,,,,,,,,,,,,
398,21-Apr-2018 01:49:14,,,0,0,,,,,,,,,,,,,,,,,
408,18-Apr-2018 03:57:03,2.78,,1,0,,,,,,,,,,,,,,,,,
458,21-Apr-2018 21:57:32,,,0,0,,,,,,,,,,,,,,,,,
476,19-Apr-2018 15:28:41,,,0,0,,,,,,,,,,,,,,,,,
536,20-Apr-2018 15:12:41,,,0,0,,,,,,,,,,,,,,,,,
586,17-Apr-2018 17:06:44,4.44,,1,1,28,,,,,,,,,,,,,,,,
730,20-Apr-2018 00:49:05,,,0,0,,,,,,,,,,,,,,,,,
737,21-Apr-2018 16:39:07,,,0,0,,,,,,,,,,,,,,,,,
738,21-Apr-2018 09:03:29,,,0,0,,,,,,,,,,,,,,,,,
891,18-Apr-2018 23:26:15,,,0,0,,,,,,,,,,,,,,,,,
911,18-Apr-2018 22:15:32,3.89,,0,1,24,,,,,,,,,,,,,,,,
922,20-Apr-2018 09:33:59,3.67,,0,0,,,,,,,,,,,,,,,,,
949,17-Apr-2018 11:15:44,,,0,0,,,,,,,,,,,,,,,,,
959,18-Apr-2018 00:46:46,,,0,0,,,,,,,,,,,,,,,,,
960,21-Apr-2018 14:20:45,,,0,0,,,,,,,,,,,,,,,,,
973,18-Apr-2018 07:49:49,3.33,,1,1,,,,,,,,,,,,,,,,,
992,20-Apr-2018 18:30:42,,,0,0,,,,,,,,,,,,,,,,,